Character name;Japanese text;English text
<PNAME>;（今日は、伊集院さんとデートだ）;(I have a date with Ijuin-san today.)
<PNAME>;（今日は、伊集院さんとデートだ）;(I have a date with Ijuin-san today.)
<PNAME>;『伊集院さんのことについて知りたいんだけど。;I'd like to know about Ijuin-san.
<PNAME>;『よし、次は、伊集院とだ。;Alright, next is with Ijuin.
<PNAME>;『しばらく伊集院さんと話し込んだ;(I talked with Ijuin-san for a while.)
<PNAME>;『伊集院さんもいたのか。;Is Ijuin-san here too?
<PNAME>;『あっ、今日は、伊集院さんの誕生日じゃないか。;Ah, isn't today Ijuin-san's birthday?
<PNAME>;（もしかして、伊集院さんを知らず知らずのうちに傷つけてたのかな⋯。）;(Maybe I've hurt Ijuin-san without realizing...)
<PNAME>;『今日の自由行動は、この前の約束通り伊集院さんと―緒だ。;Today, I'll spend my free time with Ijuin-san, as promised.
<PNAME>;『まだ伊集院さんは、来ていないようだな。;I see Ijuin-san hasn't arrived yet.
<PNAME>;（伊集院さんにプレゼントをもらえるなんて、おれは幸せ者だー！）;(I'm so lucky to get a present from Ijuin-san!)
<PNAME>;（神様、何とぞ伊集院さんと今以上に仲良くなれますように。）;(God, please help me grow even closer with Ijuin-san.)
<PNAME>;（おっ、丁度いいところに伊集院さんが来たぞ。）;(Oh, Ijuin-san arrived just in time.)
<PNAME>;（あっ、伊集院さん。）;(Oh, Ijuin-san.)
<PNAME>;『よし、次は、伊集院さんとだ;Alright, next is with Ijuin-san.
<PNAME>;『よし、次は、伊集院さんとだ。;Alright, next is with Ijuin-san.
<PNAME>;（伊集院さんを、傷つけたといううわさが、流れてたそうだ。）;(There's a rumor going around that I hurt Ijuin-san.)
<PNAME>;（どうやら好雄の話では、俺が伊集院さんを、傷つけたといううわさが、流れてたそうだ。）;(According to Yoshio, there's a rumor going around that I hurt Ijuin-san.)
<PNAME>;（それじゃ、近所の公園で、伊集院さんを待つか。）;(I'll wait for Ijuin-san at the neighborhood park then.)
<PNAME>;（それじゃ、近所の公園で、伊集院さんを待つか。）;(I'll wait for Ijuin-san at the neighborhood park then.)
<PNAME>;（それじゃ、きらめき中央公園で、伊集院さんを待つか。）;(I'll wait for Ijuin-san at Kirameki Central Park then.)
<PNAME>;（それじゃ、きらめき中央公園で、伊集院さんを待つか。）;(I'll wait for Ijuin-san at Kirameki Central Park then.)
<PNAME>;（それじゃ、ショッピング街で、伊集院さんを待つか。）;(I'll wait for Ijuin-san at the shopping district then.)
<PNAME>;（それじゃ、ショッピング街で、伊集院さんを待つか。）;(I'll wait for Ijuin-san at the shopping district then.)
<PNAME>;（それじゃ、水族館で、伊集院さんを待つか。）;(I'll wait for Ijuin-san at the aquarium then.)
<PNAME>;（それじゃ、水族館で、伊集院さんを待つか。）;(I'll wait for Ijuin-san at the aquarium then.)
<PNAME>;（それじゃ、動物園で、伊集院さんを待つか。）;(I'll wait for Ijuin-san at the zoo then.)
<PNAME>;（それじゃ、動物園で、伊集院さんを待つか。）;(I'll wait for Ijuin-san at the zoo then.)
<PNAME>;（それじゃ、植物園で、伊集院さんを待つか。）;(I'll wait for Ijuin-san at the botanical garden then.)
<PNAME>;（それじゃ、植物園で、伊集院さんを待つか。）;(I'll wait for Ijuin-san at the botanical garden then.)
<PNAME>;（それじゃ、プラネタリウムで、伊集院さんを待つか。）;(I'll wait for Ijuin-san at the planetarium then.)
<PNAME>;（それじゃ、プラネタリウムで、伊集院さんを待つか。）;(I'll wait for Ijuin-san at the planetarium then.)
<PNAME>;（それじゃ、美術館で、伊集院さんを待つか。）;(I'll wait for Ijuin-san at the art museum then.)
<PNAME>;（それじゃ、美術館で、伊集院さんを待つか。）;(I'll wait for Ijuin-san at the art museum then.)
<PNAME>;（それじゃ、図書館で、伊集院さんを待つか。）;(I'll wait for Ijuin-san at the library then.)
<PNAME>;（それじゃ、図書館で、伊集院さんを待つか。）;(I'll wait for Ijuin-san at the library then.)
<PNAME>;（それじゃ、ゲームセンターで、伊集院さんを待つか。）;(I'll wait for Ijuin-san at the arcade then.)
<PNAME>;（それじゃ、ゲームセンターで、伊集院さんを待つか。）;(I'll wait for Ijuin-san at the arcade then.)
<PNAME>;（それじゃ、ボーリング場で、伊集院さんを待つか。）;(I'll wait for Ijuin-san at the bowling alley then.)
<PNAME>;（それじゃ、ボーリング場で、伊集院さんを待つか。）;(I'll wait for Ijuin-san at the bowling alley then.)
<PNAME>;（それじゃ、カラオケ屋で、伊集院さんを待つか。）;(I'll wait for Ijuin-san at the karaoke club then.)
<PNAME>;（それじゃ、カラオケ屋で、伊集院さんを待つか。）;(I'll wait for Ijuin-san at the karaoke club then.)
<PNAME>;（それじゃ、遊園地で、伊集院さんを待つか。）;(I'll wait for Ijuin-san at the amusement park then.)
<PNAME>;（それじゃ、遊園地で、伊集院さんを待つか。）;(I'll wait for Ijuin-san at the amusement park then.)
<PNAME>;（それじゃ、スタジアムで、伊集院さんを待つか。）;(I'll wait for Ijuin-san at the stadium then.)
<PNAME>;（それじゃ、スタジアムで、伊集院さんを待つか。）;(I'll wait for Ijuin-san at the stadium then.)
<PNAME>;（それじゃ、映画館で、伊集院さんを待つか。）;(I'll wait for Ijuin-san at the movie theater then.)
<PNAME>;（それじゃ、映画館で、伊集院さんを待つか。）;(I'll wait for Ijuin-san at the movie theater then.)
<PNAME>;（それじゃ、コンサート会場で、伊集院さんを待つか。）;(I'll wait for Ijuin-san at the concert hall then.)
<PNAME>;（それじゃ、コンサート会場で、伊集院さんを待つか。）;(I'll wait for Ijuin-san at the concert hall then.)
<PNAME>;（それじゃ、プールで、伊集院さんを待つか。）;(I'll wait for Ijuin-san at the pool then.)
<PNAME>;（それじゃ、プールで、伊集院さんを待つか。）;(I'll wait for Ijuin-san at the pool then.)
<PNAME>;（それじゃ、スケート場で、伊集院さんを待つか。）;(I'll wait for Ijuin-san at the skating rink then.)
<PNAME>;（それじゃ、スケート場で、伊集院さんを待つか。）;(I'll wait for Ijuin-san at the skating rink then.)
<PNAME>;（それじゃ、海で、伊集院さんを待つか。）;(I'll wait for Ijuin-san at the beach then.)
<PNAME>;（それじゃ、海で、伊集院さんを待つか。）;(I'll wait for Ijuin-san at the beach then.)
<PNAME>;（それじゃ、スキー場で、伊集院さんを待つか。）;(I'll wait for Ijuin-san at the ski resort then.)
<PNAME>;（それじゃ、スキー場で、伊集院さんを待つか。）;(I'll wait for Ijuin-san at the ski resort then.)
<PNAME>;（それじゃ、神社で、伊集院さんを待つか。）;(I'll wait for Ijuin-san at the shrine then.)
<PNAME>;（それじゃ、神社で、伊集院さんを待つか。）;(I'll wait for Ijuin-san at the shrine then.)
<PNAME>;（今日は、早乙女さんとデートだ）;(I have a date with Saotome-san today.)
<PNAME>;（今日は、早乙女さんとデートだ）;(I have a date with Saotome-san today.)
<PNAME>;『早乙女さんのことについて知りたいんだけど。;I'd like to know about Saotome-san.
<PNAME>;『よし、次は、早乙女とだ。;Alright, next is with Saotome.
<PNAME>;『しばらく早乙女さんと話し込んだ;(I talked with Saotome-san for a while.)
<PNAME>;『早乙女さんもいたのか。;Is Saotome-san here too?
<PNAME>;『あっ、今日は、早乙女さんの誕生日じゃないか。;Ah, isn't today Saotome-san's birthday?
<PNAME>;（もしかして、早乙女さんを知らず知らずのうちに傷つけてたのかな⋯。）;(Maybe I've hurt Saotome-san without realizing...)
<PNAME>;『今日の自由行動は、この前の約束通り早乙女さんと―緒だ。;Today, I'll spend my free time with Saotome-san, as promised.
<PNAME>;『まだ早乙女さんは、来ていないようだな。;I see Saotome-san hasn't arrived yet.
<PNAME>;（早乙女さんにプレゼントをもらえるなんて、おれは幸せ者だー！）;(I'm so lucky to get a present from Saotome-san!)
<PNAME>;（神様、何とぞ早乙女さんと今以上に仲良くなれますように。）;(God, please help me grow even closer with Saotome-san.)
<PNAME>;（おっ、丁度いいところに早乙女さんが来たぞ。）;(Oh, Saotome-san arrived just in time.)
<PNAME>;（あっ、早乙女さん。）;(Oh, Saotome-san.)
<PNAME>;『よし、次は、早乙女さんとだ;Alright, next is with Saotome-san.
<PNAME>;『よし、次は、早乙女さんとだ。;Alright, next is with Saotome-san.
<PNAME>;（早乙女さんを、傷つけたといううわさが、流れてたそうだ。）;(There's a rumor going around that I hurt Saotome-san.)
<PNAME>;（どうやら好雄の話では、俺が早乙女さんを、傷つけたといううわさが、流れてたそうだ。）;(According to Yoshio, there's a rumor going around that I hurt Saotome-san.)
<PNAME>;（それじゃ、近所の公園で、早乙女さんを待つか。）;(I'll wait for Saotome-san at the neighborhood park then.)
<PNAME>;（それじゃ、近所の公園で、早乙女さんを待つか。）;(I'll wait for Saotome-san at the neighborhood park then.)
<PNAME>;（それじゃ、きらめき中央公園で、早乙女さんを待つか。）;(I'll wait for Saotome-san at Kirameki Central Park then.)
<PNAME>;（それじゃ、きらめき中央公園で、早乙女さんを待つか。）;(I'll wait for Saotome-san at Kirameki Central Park then.)
<PNAME>;（それじゃ、ショッピング街で、早乙女さんを待つか。）;(I'll wait for Saotome-san at the shopping district then.)
<PNAME>;（それじゃ、ショッピング街で、早乙女さんを待つか。）;(I'll wait for Saotome-san at the shopping district then.)
<PNAME>;（それじゃ、水族館で、早乙女さんを待つか。）;(I'll wait for Saotome-san at the aquarium then.)
<PNAME>;（それじゃ、水族館で、早乙女さんを待つか。）;(I'll wait for Saotome-san at the aquarium then.)
<PNAME>;（それじゃ、動物園で、早乙女さんを待つか。）;(I'll wait for Saotome-san at the zoo then.)
<PNAME>;（それじゃ、動物園で、早乙女さんを待つか。）;(I'll wait for Saotome-san at the zoo then.)
<PNAME>;（それじゃ、植物園で、早乙女さんを待つか。）;(I'll wait for Saotome-san at the botanical garden then.)
<PNAME>;（それじゃ、植物園で、早乙女さんを待つか。）;(I'll wait for Saotome-san at the botanical garden then.)
<PNAME>;（それじゃ、プラネタリウムで、早乙女さんを待つか。）;(I'll wait for Saotome-san at the planetarium then.)
<PNAME>;（それじゃ、プラネタリウムで、早乙女さんを待つか。）;(I'll wait for Saotome-san at the planetarium then.)
<PNAME>;（それじゃ、美術館で、早乙女さんを待つか。）;(I'll wait for Saotome-san at the art museum then.)
<PNAME>;（それじゃ、美術館で、早乙女さんを待つか。）;(I'll wait for Saotome-san at the art museum then.)
<PNAME>;（それじゃ、図書館で、早乙女さんを待つか。）;(I'll wait for Saotome-san at the library then.)
<PNAME>;（それじゃ、図書館で、早乙女さんを待つか。）;(I'll wait for Saotome-san at the library then.)
<PNAME>;（それじゃ、ゲームセンターで、早乙女さんを待つか。）;(I'll wait for Saotome-san at the arcade then.)
<PNAME>;（それじゃ、ゲームセンターで、早乙女さんを待つか。）;(I'll wait for Saotome-san at the arcade then.)
<PNAME>;（それじゃ、ボーリング場で、早乙女さんを待つか。）;(I'll wait for Saotome-san at the bowling alley then.)
<PNAME>;（それじゃ、ボーリング場で、早乙女さんを待つか。）;(I'll wait for Saotome-san at the bowling alley then.)
<PNAME>;（それじゃ、カラオケ屋で、早乙女さんを待つか。）;(I'll wait for Saotome-san at the karaoke club then.)
<PNAME>;（それじゃ、カラオケ屋で、早乙女さんを待つか。）;(I'll wait for Saotome-san at the karaoke club then.)
<PNAME>;（それじゃ、遊園地で、早乙女さんを待つか。）;(I'll wait for Saotome-san at the amusement park then.)
<PNAME>;（それじゃ、遊園地で、早乙女さんを待つか。）;(I'll wait for Saotome-san at the amusement park then.)
<PNAME>;（それじゃ、スタジアムで、早乙女さんを待つか。）;(I'll wait for Saotome-san at the stadium then.)
<PNAME>;（それじゃ、スタジアムで、早乙女さんを待つか。）;(I'll wait for Saotome-san at the stadium then.)
<PNAME>;（それじゃ、映画館で、早乙女さんを待つか。）;(I'll wait for Saotome-san at the movie theater then.)
<PNAME>;（それじゃ、映画館で、早乙女さんを待つか。）;(I'll wait for Saotome-san at the movie theater then.)
<PNAME>;（それじゃ、コンサート会場で、早乙女さんを待つか。）;(I'll wait for Saotome-san at the concert hall then.)
<PNAME>;（それじゃ、コンサート会場で、早乙女さんを待つか。）;(I'll wait for Saotome-san at the concert hall then.)
<PNAME>;（それじゃ、プールで、早乙女さんを待つか。）;(I'll wait for Saotome-san at the pool then.)
<PNAME>;（それじゃ、プールで、早乙女さんを待つか。）;(I'll wait for Saotome-san at the pool then.)
<PNAME>;（それじゃ、スケート場で、早乙女さんを待つか。）;(I'll wait for Saotome-san at the skating rink then.)
<PNAME>;（それじゃ、スケート場で、早乙女さんを待つか。）;(I'll wait for Saotome-san at the skating rink then.)
<PNAME>;（それじゃ、海で、早乙女さんを待つか。）;(I'll wait for Saotome-san at the beach then.)
<PNAME>;（それじゃ、海で、早乙女さんを待つか。）;(I'll wait for Saotome-san at the beach then.)
<PNAME>;（それじゃ、スキー場で、早乙女さんを待つか。）;(I'll wait for Saotome-san at the ski resort then.)
<PNAME>;（それじゃ、スキー場で、早乙女さんを待つか。）;(I'll wait for Saotome-san at the ski resort then.)
<PNAME>;（それじゃ、神社で、早乙女さんを待つか。）;(I'll wait for Saotome-san at the shrine then.)
<PNAME>;（それじゃ、神社で、早乙女さんを待つか。）;(I'll wait for Saotome-san at the shrine then.)
<PNAME>;（今日は、藤崎さんとデートだ）;(I have a date with Fujisaki-san today.)
<PNAME>;（今日は、藤崎さんとデートだ）;(I have a date with Fujisaki-san today.)
<PNAME>;『藤崎さんのことについて知りたいんだけど。;I'd like to know about Fujisaki-san.
<PNAME>;『よし、次は、藤崎とだ。;Alright, next is with Fujisaki.
<PNAME>;『しばらく藤崎さんと話し込んだ;(I talked with Fujisaki-san for a while.)
<PNAME>;『藤崎さんもいたのか。;Is Fujisaki-san here too?
<PNAME>;『あっ、今日は、藤崎さんの誕生日じゃないか。;Ah, isn't today Fujisaki-san's birthday?
<PNAME>;（もしかして、藤崎さんを知らず知らずのうちに傷つけてたのかな⋯。）;(Maybe I've hurt Fujisaki-san without realizing...)
<PNAME>;『今日の自由行動は、この前の約束通り藤崎さんと―緒だ。;Today, I'll spend my free time with Fujisaki-san, as promised.
<PNAME>;『まだ藤崎さんは、来ていないようだな。;I see Fujisaki-san hasn't arrived yet.
<PNAME>;（藤崎さんにプレゼントをもらえるなんて、おれは幸せ者だー！）;(I'm so lucky to get a present from Fujisaki-san!)
<PNAME>;（神様、何とぞ藤崎さんと今以上に仲良くなれますように。）;(God, please help me grow even closer with Fujisaki-san.)
<PNAME>;（おっ、丁度いいところに藤崎さんが来たぞ。）;(Oh, Fujisaki-san arrived just in time.)
<PNAME>;（あっ、藤崎さん。）;(Oh, Fujisaki-san.)
<PNAME>;『よし、次は、藤崎さんとだ;Alright, next is with Fujisaki-san.
<PNAME>;『よし、次は、藤崎さんとだ。;Alright, next is with Fujisaki-san.
<PNAME>;（藤崎さんを、傷つけたといううわさが、流れてたそうだ。）;(There's a rumor going around that I hurt Fujisaki-san.)
<PNAME>;（どうやら好雄の話では、俺が藤崎さんを、傷つけたといううわさが、流れてたそうだ。）;(According to Yoshio, there's a rumor going around that I hurt Fujisaki-san.)
<PNAME>;（それじゃ、近所の公園で、藤崎さんを待つか。）;(I'll wait for Fujisaki-san at the neighborhood park then.)
<PNAME>;（それじゃ、近所の公園で、藤崎さんを待つか。）;(I'll wait for Fujisaki-san at the neighborhood park then.)
<PNAME>;（それじゃ、きらめき中央公園で、藤崎さんを待つか。）;(I'll wait for Fujisaki-san at Kirameki Central Park then.)
<PNAME>;（それじゃ、きらめき中央公園で、藤崎さんを待つか。）;(I'll wait for Fujisaki-san at Kirameki Central Park then.)
<PNAME>;（それじゃ、ショッピング街で、藤崎さんを待つか。）;(I'll wait for Fujisaki-san at the shopping district then.)
<PNAME>;（それじゃ、ショッピング街で、藤崎さんを待つか。）;(I'll wait for Fujisaki-san at the shopping district then.)
<PNAME>;（それじゃ、水族館で、藤崎さんを待つか。）;(I'll wait for Fujisaki-san at the aquarium then.)
<PNAME>;（それじゃ、水族館で、藤崎さんを待つか。）;(I'll wait for Fujisaki-san at the aquarium then.)
<PNAME>;（それじゃ、動物園で、藤崎さんを待つか。）;(I'll wait for Fujisaki-san at the zoo then.)
<PNAME>;（それじゃ、動物園で、藤崎さんを待つか。）;(I'll wait for Fujisaki-san at the zoo then.)
<PNAME>;（それじゃ、植物園で、藤崎さんを待つか。）;(I'll wait for Fujisaki-san at the botanical garden then.)
<PNAME>;（それじゃ、植物園で、藤崎さんを待つか。）;(I'll wait for Fujisaki-san at the botanical garden then.)
<PNAME>;（それじゃ、プラネタリウムで、藤崎さんを待つか。）;(I'll wait for Fujisaki-san at the planetarium then.)
<PNAME>;（それじゃ、プラネタリウムで、藤崎さんを待つか。）;(I'll wait for Fujisaki-san at the planetarium then.)
<PNAME>;（それじゃ、美術館で、藤崎さんを待つか。）;(I'll wait for Fujisaki-san at the art museum then.)
<PNAME>;（それじゃ、美術館で、藤崎さんを待つか。）;(I'll wait for Fujisaki-san at the art museum then.)
<PNAME>;（それじゃ、図書館で、藤崎さんを待つか。）;(I'll wait for Fujisaki-san at the library then.)
<PNAME>;（それじゃ、図書館で、藤崎さんを待つか。）;(I'll wait for Fujisaki-san at the library then.)
<PNAME>;（それじゃ、ゲームセンターで、藤崎さんを待つか。）;(I'll wait for Fujisaki-san at the arcade then.)
<PNAME>;（それじゃ、ゲームセンターで、藤崎さんを待つか。）;(I'll wait for Fujisaki-san at the arcade then.)
<PNAME>;（それじゃ、ボーリング場で、藤崎さんを待つか。）;(I'll wait for Fujisaki-san at the bowling alley then.)
<PNAME>;（それじゃ、ボーリング場で、藤崎さんを待つか。）;(I'll wait for Fujisaki-san at the bowling alley then.)
<PNAME>;（それじゃ、カラオケ屋で、藤崎さんを待つか。）;(I'll wait for Fujisaki-san at the karaoke club then.)
<PNAME>;（それじゃ、カラオケ屋で、藤崎さんを待つか。）;(I'll wait for Fujisaki-san at the karaoke club then.)
<PNAME>;（それじゃ、遊園地で、藤崎さんを待つか。）;(I'll wait for Fujisaki-san at the amusement park then.)
<PNAME>;（それじゃ、遊園地で、藤崎さんを待つか。）;(I'll wait for Fujisaki-san at the amusement park then.)
<PNAME>;（それじゃ、スタジアムで、藤崎さんを待つか。）;(I'll wait for Fujisaki-san at the stadium then.)
<PNAME>;（それじゃ、スタジアムで、藤崎さんを待つか。）;(I'll wait for Fujisaki-san at the stadium then.)
<PNAME>;（それじゃ、映画館で、藤崎さんを待つか。）;(I'll wait for Fujisaki-san at the movie theater then.)
<PNAME>;（それじゃ、映画館で、藤崎さんを待つか。）;(I'll wait for Fujisaki-san at the movie theater then.)
<PNAME>;（それじゃ、コンサート会場で、藤崎さんを待つか。）;(I'll wait for Fujisaki-san at the concert hall then.)
<PNAME>;（それじゃ、コンサート会場で、藤崎さんを待つか。）;(I'll wait for Fujisaki-san at the concert hall then.)
<PNAME>;（それじゃ、プールで、藤崎さんを待つか。）;(I'll wait for Fujisaki-san at the pool then.)
<PNAME>;（それじゃ、プールで、藤崎さんを待つか。）;(I'll wait for Fujisaki-san at the pool then.)
<PNAME>;（それじゃ、スケート場で、藤崎さんを待つか。）;(I'll wait for Fujisaki-san at the skating rink then.)
<PNAME>;（それじゃ、スケート場で、藤崎さんを待つか。）;(I'll wait for Fujisaki-san at the skating rink then.)
<PNAME>;（それじゃ、海で、藤崎さんを待つか。）;(I'll wait for Fujisaki-san at the beach then.)
<PNAME>;（それじゃ、海で、藤崎さんを待つか。）;(I'll wait for Fujisaki-san at the beach then.)
<PNAME>;（それじゃ、スキー場で、藤崎さんを待つか。）;(I'll wait for Fujisaki-san at the ski resort then.)
<PNAME>;（それじゃ、スキー場で、藤崎さんを待つか。）;(I'll wait for Fujisaki-san at the ski resort then.)
<PNAME>;（それじゃ、神社で、藤崎さんを待つか。）;(I'll wait for Fujisaki-san at the shrine then.)
<PNAME>;（それじゃ、神社で、藤崎さんを待つか。）;(I'll wait for Fujisaki-san at the shrine then.)
<PNAME>;（今日は、如月さんとデートだ）;(I have a date with Kisaragi-san today.)
<PNAME>;（今日は、如月さんとデートだ）;(I have a date with Kisaragi-san today.)
<PNAME>;『如月さんのことについて知りたいんだけど。;I'd like to know about Kisaragi-san.
<PNAME>;『よし、次は、如月とだ。;Alright, next is with Kisaragi.
<PNAME>;『しばらく如月さんと話し込んだ;(I talked with Kisaragi-san for a while.)
<PNAME>;『如月さんもいたのか。;Is Kisaragi-san here too?
<PNAME>;『あっ、今日は、如月さんの誕生日じゃないか。;Ah, isn't today Kisaragi-san's birthday?
<PNAME>;（もしかして、如月さんを知らず知らずのうちに傷つけてたのかな⋯。）;(Maybe I've hurt Kisaragi-san without realizing...)
<PNAME>;『今日の自由行動は、この前の約束通り如月さんと―緒だ。;Today, I'll spend my free time with Kisaragi-san, as promised.
<PNAME>;『まだ如月さんは、来ていないようだな。;I see Kisaragi-san hasn't arrived yet.
<PNAME>;（如月さんにプレゼントをもらえるなんて、おれは幸せ者だー！）;(I'm so lucky to get a present from Kisaragi-san!)
<PNAME>;（神様、何とぞ如月さんと今以上に仲良くなれますように。）;(God, please help me grow even closer with Kisaragi-san.)
<PNAME>;（おっ、丁度いいところに如月さんが来たぞ。）;(Oh, Kisaragi-san arrived just in time.)
<PNAME>;（あっ、如月さん。）;(Oh, Kisaragi-san.)
<PNAME>;『よし、次は、如月さんとだ;Alright, next is with Kisaragi-san.
<PNAME>;『よし、次は、如月さんとだ。;Alright, next is with Kisaragi-san.
<PNAME>;（如月さんを、傷つけたといううわさが、流れてたそうだ。）;(There's a rumor going around that I hurt Kisaragi-san.)
<PNAME>;（どうやら好雄の話では、俺が如月さんを、傷つけたといううわさが、流れてたそうだ。）;(According to Yoshio, there's a rumor going around that I hurt Kisaragi-san.)
<PNAME>;（それじゃ、近所の公園で、如月さんを待つか。）;(I'll wait for Kisaragi-san at the neighborhood park then.)
<PNAME>;（それじゃ、近所の公園で、如月さんを待つか。）;(I'll wait for Kisaragi-san at the neighborhood park then.)
<PNAME>;（それじゃ、きらめき中央公園で、如月さんを待つか。）;(I'll wait for Kisaragi-san at Kirameki Central Park then.)
<PNAME>;（それじゃ、きらめき中央公園で、如月さんを待つか。）;(I'll wait for Kisaragi-san at Kirameki Central Park then.)
<PNAME>;（それじゃ、ショッピング街で、如月さんを待つか。）;(I'll wait for Kisaragi-san at the shopping district then.)
<PNAME>;（それじゃ、ショッピング街で、如月さんを待つか。）;(I'll wait for Kisaragi-san at the shopping district then.)
<PNAME>;（それじゃ、水族館で、如月さんを待つか。）;(I'll wait for Kisaragi-san at the aquarium then.)
<PNAME>;（それじゃ、水族館で、如月さんを待つか。）;(I'll wait for Kisaragi-san at the aquarium then.)
<PNAME>;（それじゃ、動物園で、如月さんを待つか。）;(I'll wait for Kisaragi-san at the zoo then.)
<PNAME>;（それじゃ、動物園で、如月さんを待つか。）;(I'll wait for Kisaragi-san at the zoo then.)
<PNAME>;（それじゃ、植物園で、如月さんを待つか。）;(I'll wait for Kisaragi-san at the botanical garden then.)
<PNAME>;（それじゃ、植物園で、如月さんを待つか。）;(I'll wait for Kisaragi-san at the botanical garden then.)
<PNAME>;（それじゃ、プラネタリウムで、如月さんを待つか。）;(I'll wait for Kisaragi-san at the planetarium then.)
<PNAME>;（それじゃ、プラネタリウムで、如月さんを待つか。）;(I'll wait for Kisaragi-san at the planetarium then.)
<PNAME>;（それじゃ、美術館で、如月さんを待つか。）;(I'll wait for Kisaragi-san at the art museum then.)
<PNAME>;（それじゃ、美術館で、如月さんを待つか。）;(I'll wait for Kisaragi-san at the art museum then.)
<PNAME>;（それじゃ、図書館で、如月さんを待つか。）;(I'll wait for Kisaragi-san at the library then.)
<PNAME>;（それじゃ、図書館で、如月さんを待つか。）;(I'll wait for Kisaragi-san at the library then.)
<PNAME>;（それじゃ、ゲームセンターで、如月さんを待つか。）;(I'll wait for Kisaragi-san at the arcade then.)
<PNAME>;（それじゃ、ゲームセンターで、如月さんを待つか。）;(I'll wait for Kisaragi-san at the arcade then.)
<PNAME>;（それじゃ、ボーリング場で、如月さんを待つか。）;(I'll wait for Kisaragi-san at the bowling alley then.)
<PNAME>;（それじゃ、ボーリング場で、如月さんを待つか。）;(I'll wait for Kisaragi-san at the bowling alley then.)
<PNAME>;（それじゃ、カラオケ屋で、如月さんを待つか。）;(I'll wait for Kisaragi-san at the karaoke club then.)
<PNAME>;（それじゃ、カラオケ屋で、如月さんを待つか。）;(I'll wait for Kisaragi-san at the karaoke club then.)
<PNAME>;（それじゃ、遊園地で、如月さんを待つか。）;(I'll wait for Kisaragi-san at the amusement park then.)
<PNAME>;（それじゃ、遊園地で、如月さんを待つか。）;(I'll wait for Kisaragi-san at the amusement park then.)
<PNAME>;（それじゃ、スタジアムで、如月さんを待つか。）;(I'll wait for Kisaragi-san at the stadium then.)
<PNAME>;（それじゃ、スタジアムで、如月さんを待つか。）;(I'll wait for Kisaragi-san at the stadium then.)
<PNAME>;（それじゃ、映画館で、如月さんを待つか。）;(I'll wait for Kisaragi-san at the movie theater then.)
<PNAME>;（それじゃ、映画館で、如月さんを待つか。）;(I'll wait for Kisaragi-san at the movie theater then.)
<PNAME>;（それじゃ、コンサート会場で、如月さんを待つか。）;(I'll wait for Kisaragi-san at the concert hall then.)
<PNAME>;（それじゃ、コンサート会場で、如月さんを待つか。）;(I'll wait for Kisaragi-san at the concert hall then.)
<PNAME>;（それじゃ、プールで、如月さんを待つか。）;(I'll wait for Kisaragi-san at the pool then.)
<PNAME>;（それじゃ、プールで、如月さんを待つか。）;(I'll wait for Kisaragi-san at the pool then.)
<PNAME>;（それじゃ、スケート場で、如月さんを待つか。）;(I'll wait for Kisaragi-san at the skating rink then.)
<PNAME>;（それじゃ、スケート場で、如月さんを待つか。）;(I'll wait for Kisaragi-san at the skating rink then.)
<PNAME>;（それじゃ、海で、如月さんを待つか。）;(I'll wait for Kisaragi-san at the beach then.)
<PNAME>;（それじゃ、海で、如月さんを待つか。）;(I'll wait for Kisaragi-san at the beach then.)
<PNAME>;（それじゃ、スキー場で、如月さんを待つか。）;(I'll wait for Kisaragi-san at the ski resort then.)
<PNAME>;（それじゃ、スキー場で、如月さんを待つか。）;(I'll wait for Kisaragi-san at the ski resort then.)
<PNAME>;（それじゃ、神社で、如月さんを待つか。）;(I'll wait for Kisaragi-san at the shrine then.)
<PNAME>;（それじゃ、神社で、如月さんを待つか。）;(I'll wait for Kisaragi-san at the shrine then.)
<PNAME>;（今日は、紐緒さんとデートだ）;(I have a date with Himou-san today.)
<PNAME>;（今日は、紐緒さんとデートだ）;(I have a date with Himou-san today.)
<PNAME>;『紐緒さんのことについて知りたいんだけど。;I'd like to know about Himou-san.
<PNAME>;『よし、次は、紐緒とだ。;Alright, next is with Himou.
<PNAME>;『しばらく紐緒さんと話し込んだ;(I talked with Himou-san for a while.)
<PNAME>;『紐緒さんもいたのか。;Is Himou-san here too?
<PNAME>;『あっ、今日は、紐緒さんの誕生日じゃないか。;Ah, isn't today Himou-san's birthday?
<PNAME>;（もしかして、紐緒さんを知らず知らずのうちに傷つけてたのかな⋯。）;(Maybe I've hurt Himou-san without realizing...)
<PNAME>;『今日の自由行動は、この前の約束通り紐緒さんと―緒だ。;Today, I'll spend my free time with Himou-san, as promised.
<PNAME>;『まだ紐緒さんは、来ていないようだな。;I see Himou-san hasn't arrived yet.
<PNAME>;（紐緒さんにプレゼントをもらえるなんて、おれは幸せ者だー！）;(I'm so lucky to get a present from Himou-san!)
<PNAME>;（神様、何とぞ紐緒さんと今以上に仲良くなれますように。）;(God, please help me grow even closer with Himou-san.)
<PNAME>;（おっ、丁度いいところに紐緒さんが来たぞ。）;(Oh, Himou-san arrived just in time.)
<PNAME>;（あっ、紐緒さん。）;(Oh, Himou-san.)
<PNAME>;『よし、次は、紐緒さんとだ;Alright, next is with Himou-san.
<PNAME>;『よし、次は、紐緒さんとだ。;Alright, next is with Himou-san.
<PNAME>;（紐緒さんを、傷つけたといううわさが、流れてたそうだ。）;(There's a rumor going around that I hurt Himou-san.)
<PNAME>;（どうやら好雄の話では、俺が紐緒さんを、傷つけたといううわさが、流れてたそうだ。）;(According to Yoshio, there's a rumor going around that I hurt Himou-san.)
<PNAME>;（それじゃ、近所の公園で、紐緒さんを待つか。）;(I'll wait for Himou-san at the neighborhood park then.)
<PNAME>;（それじゃ、近所の公園で、紐緒さんを待つか。）;(I'll wait for Himou-san at the neighborhood park then.)
<PNAME>;（それじゃ、きらめき中央公園で、紐緒さんを待つか。）;(I'll wait for Himou-san at Kirameki Central Park then.)
<PNAME>;（それじゃ、きらめき中央公園で、紐緒さんを待つか。）;(I'll wait for Himou-san at Kirameki Central Park then.)
<PNAME>;（それじゃ、ショッピング街で、紐緒さんを待つか。）;(I'll wait for Himou-san at the shopping district then.)
<PNAME>;（それじゃ、ショッピング街で、紐緒さんを待つか。）;(I'll wait for Himou-san at the shopping district then.)
<PNAME>;（それじゃ、水族館で、紐緒さんを待つか。）;(I'll wait for Himou-san at the aquarium then.)
<PNAME>;（それじゃ、水族館で、紐緒さんを待つか。）;(I'll wait for Himou-san at the aquarium then.)
<PNAME>;（それじゃ、動物園で、紐緒さんを待つか。）;(I'll wait for Himou-san at the zoo then.)
<PNAME>;（それじゃ、動物園で、紐緒さんを待つか。）;(I'll wait for Himou-san at the zoo then.)
<PNAME>;（それじゃ、植物園で、紐緒さんを待つか。）;(I'll wait for Himou-san at the botanical garden then.)
<PNAME>;（それじゃ、植物園で、紐緒さんを待つか。）;(I'll wait for Himou-san at the botanical garden then.)
<PNAME>;（それじゃ、プラネタリウムで、紐緒さんを待つか。）;(I'll wait for Himou-san at the planetarium then.)
<PNAME>;（それじゃ、プラネタリウムで、紐緒さんを待つか。）;(I'll wait for Himou-san at the planetarium then.)
<PNAME>;（それじゃ、美術館で、紐緒さんを待つか。）;(I'll wait for Himou-san at the art museum then.)
<PNAME>;（それじゃ、美術館で、紐緒さんを待つか。）;(I'll wait for Himou-san at the art museum then.)
<PNAME>;（それじゃ、図書館で、紐緒さんを待つか。）;(I'll wait for Himou-san at the library then.)
<PNAME>;（それじゃ、図書館で、紐緒さんを待つか。）;(I'll wait for Himou-san at the library then.)
<PNAME>;（それじゃ、ゲームセンターで、紐緒さんを待つか。）;(I'll wait for Himou-san at the arcade then.)
<PNAME>;（それじゃ、ゲームセンターで、紐緒さんを待つか。）;(I'll wait for Himou-san at the arcade then.)
<PNAME>;（それじゃ、ボーリング場で、紐緒さんを待つか。）;(I'll wait for Himou-san at the bowling alley then.)
<PNAME>;（それじゃ、ボーリング場で、紐緒さんを待つか。）;(I'll wait for Himou-san at the bowling alley then.)
<PNAME>;（それじゃ、カラオケ屋で、紐緒さんを待つか。）;(I'll wait for Himou-san at the karaoke club then.)
<PNAME>;（それじゃ、カラオケ屋で、紐緒さんを待つか。）;(I'll wait for Himou-san at the karaoke club then.)
<PNAME>;（それじゃ、遊園地で、紐緒さんを待つか。）;(I'll wait for Himou-san at the amusement park then.)
<PNAME>;（それじゃ、遊園地で、紐緒さんを待つか。）;(I'll wait for Himou-san at the amusement park then.)
<PNAME>;（それじゃ、スタジアムで、紐緒さんを待つか。）;(I'll wait for Himou-san at the stadium then.)
<PNAME>;（それじゃ、スタジアムで、紐緒さんを待つか。）;(I'll wait for Himou-san at the stadium then.)
<PNAME>;（それじゃ、映画館で、紐緒さんを待つか。）;(I'll wait for Himou-san at the movie theater then.)
<PNAME>;（それじゃ、映画館で、紐緒さんを待つか。）;(I'll wait for Himou-san at the movie theater then.)
<PNAME>;（それじゃ、コンサート会場で、紐緒さんを待つか。）;(I'll wait for Himou-san at the concert hall then.)
<PNAME>;（それじゃ、コンサート会場で、紐緒さんを待つか。）;(I'll wait for Himou-san at the concert hall then.)
<PNAME>;（それじゃ、プールで、紐緒さんを待つか。）;(I'll wait for Himou-san at the pool then.)
<PNAME>;（それじゃ、プールで、紐緒さんを待つか。）;(I'll wait for Himou-san at the pool then.)
<PNAME>;（それじゃ、スケート場で、紐緒さんを待つか。）;(I'll wait for Himou-san at the skating rink then.)
<PNAME>;（それじゃ、スケート場で、紐緒さんを待つか。）;(I'll wait for Himou-san at the skating rink then.)
<PNAME>;（それじゃ、海で、紐緒さんを待つか。）;(I'll wait for Himou-san at the beach then.)
<PNAME>;（それじゃ、海で、紐緒さんを待つか。）;(I'll wait for Himou-san at the beach then.)
<PNAME>;（それじゃ、スキー場で、紐緒さんを待つか。）;(I'll wait for Himou-san at the ski resort then.)
<PNAME>;（それじゃ、スキー場で、紐緒さんを待つか。）;(I'll wait for Himou-san at the ski resort then.)
<PNAME>;（それじゃ、神社で、紐緒さんを待つか。）;(I'll wait for Himou-san at the shrine then.)
<PNAME>;（それじゃ、神社で、紐緒さんを待つか。）;(I'll wait for Himou-san at the shrine then.)
<PNAME>;（今日は、片桐さんとデートだ）;(I have a date with Katagiri-san today.)
<PNAME>;（今日は、片桐さんとデートだ）;(I have a date with Katagiri-san today.)
<PNAME>;『片桐さんのことについて知りたいんだけど。;I'd like to know about Katagiri-san.
<PNAME>;『よし、次は、片桐とだ。;Alright, next is with Katagiri.
<PNAME>;『しばらく片桐さんと話し込んだ;(I talked with Katagiri-san for a while.)
<PNAME>;『片桐さんもいたのか。;Is Katagiri-san here too?
<PNAME>;『あっ、今日は、片桐さんの誕生日じゃないか。;Ah, isn't today Katagiri-san's birthday?
<PNAME>;（もしかして、片桐さんを知らず知らずのうちに傷つけてたのかな⋯。）;(Maybe I've hurt Katagiri-san without realizing...)
<PNAME>;『今日の自由行動は、この前の約束通り片桐さんと―緒だ。;Today, I'll spend my free time with Katagiri-san, as promised.
<PNAME>;『まだ片桐さんは、来ていないようだな。;I see Katagiri-san hasn't arrived yet.
<PNAME>;（片桐さんにプレゼントをもらえるなんて、おれは幸せ者だー！）;(I'm so lucky to get a present from Katagiri-san!)
<PNAME>;（神様、何とぞ片桐さんと今以上に仲良くなれますように。）;(God, please help me grow even closer with Katagiri-san.)
<PNAME>;（おっ、丁度いいところに片桐さんが来たぞ。）;(Oh, Katagiri-san arrived just in time.)
<PNAME>;（あっ、片桐さん。）;(Oh, Katagiri-san.)
<PNAME>;『よし、次は、片桐さんとだ;Alright, next is with Katagiri-san.
<PNAME>;『よし、次は、片桐さんとだ。;Alright, next is with Katagiri-san.
<PNAME>;（片桐さんを、傷つけたといううわさが、流れてたそうだ。）;(There's a rumor going around that I hurt Katagiri-san.)
<PNAME>;（どうやら好雄の話では、俺が片桐さんを、傷つけたといううわさが、流れてたそうだ。）;(According to Yoshio, there's a rumor going around that I hurt Katagiri-san.)
<PNAME>;（それじゃ、近所の公園で、片桐さんを待つか。）;(I'll wait for Katagiri-san at the neighborhood park then.)
<PNAME>;（それじゃ、近所の公園で、片桐さんを待つか。）;(I'll wait for Katagiri-san at the neighborhood park then.)
<PNAME>;（それじゃ、きらめき中央公園で、片桐さんを待つか。）;(I'll wait for Katagiri-san at Kirameki Central Park then.)
<PNAME>;（それじゃ、きらめき中央公園で、片桐さんを待つか。）;(I'll wait for Katagiri-san at Kirameki Central Park then.)
<PNAME>;（それじゃ、ショッピング街で、片桐さんを待つか。）;(I'll wait for Katagiri-san at the shopping district then.)
<PNAME>;（それじゃ、ショッピング街で、片桐さんを待つか。）;(I'll wait for Katagiri-san at the shopping district then.)
<PNAME>;（それじゃ、水族館で、片桐さんを待つか。）;(I'll wait for Katagiri-san at the aquarium then.)
<PNAME>;（それじゃ、水族館で、片桐さんを待つか。）;(I'll wait for Katagiri-san at the aquarium then.)
<PNAME>;（それじゃ、動物園で、片桐さんを待つか。）;(I'll wait for Katagiri-san at the zoo then.)
<PNAME>;（それじゃ、動物園で、片桐さんを待つか。）;(I'll wait for Katagiri-san at the zoo then.)
<PNAME>;（それじゃ、植物園で、片桐さんを待つか。）;(I'll wait for Katagiri-san at the botanical garden then.)
<PNAME>;（それじゃ、植物園で、片桐さんを待つか。）;(I'll wait for Katagiri-san at the botanical garden then.)
<PNAME>;（それじゃ、プラネタリウムで、片桐さんを待つか。）;(I'll wait for Katagiri-san at the planetarium then.)
<PNAME>;（それじゃ、プラネタリウムで、片桐さんを待つか。）;(I'll wait for Katagiri-san at the planetarium then.)
<PNAME>;（それじゃ、美術館で、片桐さんを待つか。）;(I'll wait for Katagiri-san at the art museum then.)
<PNAME>;（それじゃ、美術館で、片桐さんを待つか。）;(I'll wait for Katagiri-san at the art museum then.)
<PNAME>;（それじゃ、図書館で、片桐さんを待つか。）;(I'll wait for Katagiri-san at the library then.)
<PNAME>;（それじゃ、図書館で、片桐さんを待つか。）;(I'll wait for Katagiri-san at the library then.)
<PNAME>;（それじゃ、ゲームセンターで、片桐さんを待つか。）;(I'll wait for Katagiri-san at the arcade then.)
<PNAME>;（それじゃ、ゲームセンターで、片桐さんを待つか。）;(I'll wait for Katagiri-san at the arcade then.)
<PNAME>;（それじゃ、ボーリング場で、片桐さんを待つか。）;(I'll wait for Katagiri-san at the bowling alley then.)
<PNAME>;（それじゃ、ボーリング場で、片桐さんを待つか。）;(I'll wait for Katagiri-san at the bowling alley then.)
<PNAME>;（それじゃ、カラオケ屋で、片桐さんを待つか。）;(I'll wait for Katagiri-san at the karaoke club then.)
<PNAME>;（それじゃ、カラオケ屋で、片桐さんを待つか。）;(I'll wait for Katagiri-san at the karaoke club then.)
<PNAME>;（それじゃ、遊園地で、片桐さんを待つか。）;(I'll wait for Katagiri-san at the amusement park then.)
<PNAME>;（それじゃ、遊園地で、片桐さんを待つか。）;(I'll wait for Katagiri-san at the amusement park then.)
<PNAME>;（それじゃ、スタジアムで、片桐さんを待つか。）;(I'll wait for Katagiri-san at the stadium then.)
<PNAME>;（それじゃ、スタジアムで、片桐さんを待つか。）;(I'll wait for Katagiri-san at the stadium then.)
<PNAME>;（それじゃ、映画館で、片桐さんを待つか。）;(I'll wait for Katagiri-san at the movie theater then.)
<PNAME>;（それじゃ、映画館で、片桐さんを待つか。）;(I'll wait for Katagiri-san at the movie theater then.)
<PNAME>;（それじゃ、コンサート会場で、片桐さんを待つか。）;(I'll wait for Katagiri-san at the concert hall then.)
<PNAME>;（それじゃ、コンサート会場で、片桐さんを待つか。）;(I'll wait for Katagiri-san at the concert hall then.)
<PNAME>;（それじゃ、プールで、片桐さんを待つか。）;(I'll wait for Katagiri-san at the pool then.)
<PNAME>;（それじゃ、プールで、片桐さんを待つか。）;(I'll wait for Katagiri-san at the pool then.)
<PNAME>;（それじゃ、スケート場で、片桐さんを待つか。）;(I'll wait for Katagiri-san at the skating rink then.)
<PNAME>;（それじゃ、スケート場で、片桐さんを待つか。）;(I'll wait for Katagiri-san at the skating rink then.)
<PNAME>;（それじゃ、海で、片桐さんを待つか。）;(I'll wait for Katagiri-san at the beach then.)
<PNAME>;（それじゃ、海で、片桐さんを待つか。）;(I'll wait for Katagiri-san at the beach then.)
<PNAME>;（それじゃ、スキー場で、片桐さんを待つか。）;(I'll wait for Katagiri-san at the ski resort then.)
<PNAME>;（それじゃ、スキー場で、片桐さんを待つか。）;(I'll wait for Katagiri-san at the ski resort then.)
<PNAME>;（それじゃ、神社で、片桐さんを待つか。）;(I'll wait for Katagiri-san at the shrine then.)
<PNAME>;（それじゃ、神社で、片桐さんを待つか。）;(I'll wait for Katagiri-san at the shrine then.)
<PNAME>;（今日は、古式さんとデートだ）;(I have a date with Koshiki-san today.)
<PNAME>;（今日は、古式さんとデートだ）;(I have a date with Koshiki-san today.)
<PNAME>;『古式さんのことについて知りたいんだけど。;I'd like to know about Koshiki-san.
<PNAME>;『よし、次は、古式とだ。;Alright, next is with Koshiki.
<PNAME>;『しばらく古式さんと話し込んだ;(I talked with Koshiki-san for a while.)
<PNAME>;『古式さんもいたのか。;Is Koshiki-san here too?
<PNAME>;『あっ、今日は、古式さんの誕生日じゃないか。;Ah, isn't today Koshiki-san's birthday?
<PNAME>;（もしかして、古式さんを知らず知らずのうちに傷つけてたのかな⋯。）;(Maybe I've hurt Koshiki-san without realizing...)
<PNAME>;『今日の自由行動は、この前の約束通り古式さんと―緒だ。;Today, I'll spend my free time with Koshiki-san, as promised.
<PNAME>;『まだ古式さんは、来ていないようだな。;I see Koshiki-san hasn't arrived yet.
<PNAME>;（古式さんにプレゼントをもらえるなんて、おれは幸せ者だー！）;(I'm so lucky to get a present from Koshiki-san!)
<PNAME>;（神様、何とぞ古式さんと今以上に仲良くなれますように。）;(God, please help me grow even closer with Koshiki-san.)
<PNAME>;（おっ、丁度いいところに古式さんが来たぞ。）;(Oh, Koshiki-san arrived just in time.)
<PNAME>;（あっ、古式さん。）;(Oh, Koshiki-san.)
<PNAME>;『よし、次は、古式さんとだ;Alright, next is with Koshiki-san.
<PNAME>;『よし、次は、古式さんとだ。;Alright, next is with Koshiki-san.
<PNAME>;（古式さんを、傷つけたといううわさが、流れてたそうだ。）;(There's a rumor going around that I hurt Koshiki-san.)
<PNAME>;（どうやら好雄の話では、俺が古式さんを、傷つけたといううわさが、流れてたそうだ。）;(According to Yoshio, there's a rumor going around that I hurt Koshiki-san.)
<PNAME>;（それじゃ、近所の公園で、古式さんを待つか。）;(I'll wait for Koshiki-san at the neighborhood park then.)
<PNAME>;（それじゃ、近所の公園で、古式さんを待つか。）;(I'll wait for Koshiki-san at the neighborhood park then.)
<PNAME>;（それじゃ、きらめき中央公園で、古式さんを待つか。）;(I'll wait for Koshiki-san at Kirameki Central Park then.)
<PNAME>;（それじゃ、きらめき中央公園で、古式さんを待つか。）;(I'll wait for Koshiki-san at Kirameki Central Park then.)
<PNAME>;（それじゃ、ショッピング街で、古式さんを待つか。）;(I'll wait for Koshiki-san at the shopping district then.)
<PNAME>;（それじゃ、ショッピング街で、古式さんを待つか。）;(I'll wait for Koshiki-san at the shopping district then.)
<PNAME>;（それじゃ、水族館で、古式さんを待つか。）;(I'll wait for Koshiki-san at the aquarium then.)
<PNAME>;（それじゃ、水族館で、古式さんを待つか。）;(I'll wait for Koshiki-san at the aquarium then.)
<PNAME>;（それじゃ、動物園で、古式さんを待つか。）;(I'll wait for Koshiki-san at the zoo then.)
<PNAME>;（それじゃ、動物園で、古式さんを待つか。）;(I'll wait for Koshiki-san at the zoo then.)
<PNAME>;（それじゃ、植物園で、古式さんを待つか。）;(I'll wait for Koshiki-san at the botanical garden then.)
<PNAME>;（それじゃ、植物園で、古式さんを待つか。）;(I'll wait for Koshiki-san at the botanical garden then.)
<PNAME>;（それじゃ、プラネタリウムで、古式さんを待つか。）;(I'll wait for Koshiki-san at the planetarium then.)
<PNAME>;（それじゃ、プラネタリウムで、古式さんを待つか。）;(I'll wait for Koshiki-san at the planetarium then.)
<PNAME>;（それじゃ、美術館で、古式さんを待つか。）;(I'll wait for Koshiki-san at the art museum then.)
<PNAME>;（それじゃ、美術館で、古式さんを待つか。）;(I'll wait for Koshiki-san at the art museum then.)
<PNAME>;（それじゃ、図書館で、古式さんを待つか。）;(I'll wait for Koshiki-san at the library then.)
<PNAME>;（それじゃ、図書館で、古式さんを待つか。）;(I'll wait for Koshiki-san at the library then.)
<PNAME>;（それじゃ、ゲームセンターで、古式さんを待つか。）;(I'll wait for Koshiki-san at the arcade then.)
<PNAME>;（それじゃ、ゲームセンターで、古式さんを待つか。）;(I'll wait for Koshiki-san at the arcade then.)
<PNAME>;（それじゃ、ボーリング場で、古式さんを待つか。）;(I'll wait for Koshiki-san at the bowling alley then.)
<PNAME>;（それじゃ、ボーリング場で、古式さんを待つか。）;(I'll wait for Koshiki-san at the bowling alley then.)
<PNAME>;（それじゃ、カラオケ屋で、古式さんを待つか。）;(I'll wait for Koshiki-san at the karaoke club then.)
<PNAME>;（それじゃ、カラオケ屋で、古式さんを待つか。）;(I'll wait for Koshiki-san at the karaoke club then.)
<PNAME>;（それじゃ、遊園地で、古式さんを待つか。）;(I'll wait for Koshiki-san at the amusement park then.)
<PNAME>;（それじゃ、遊園地で、古式さんを待つか。）;(I'll wait for Koshiki-san at the amusement park then.)
<PNAME>;（それじゃ、スタジアムで、古式さんを待つか。）;(I'll wait for Koshiki-san at the stadium then.)
<PNAME>;（それじゃ、スタジアムで、古式さんを待つか。）;(I'll wait for Koshiki-san at the stadium then.)
<PNAME>;（それじゃ、映画館で、古式さんを待つか。）;(I'll wait for Koshiki-san at the movie theater then.)
<PNAME>;（それじゃ、映画館で、古式さんを待つか。）;(I'll wait for Koshiki-san at the movie theater then.)
<PNAME>;（それじゃ、コンサート会場で、古式さんを待つか。）;(I'll wait for Koshiki-san at the concert hall then.)
<PNAME>;（それじゃ、コンサート会場で、古式さんを待つか。）;(I'll wait for Koshiki-san at the concert hall then.)
<PNAME>;（それじゃ、プールで、古式さんを待つか。）;(I'll wait for Koshiki-san at the pool then.)
<PNAME>;（それじゃ、プールで、古式さんを待つか。）;(I'll wait for Koshiki-san at the pool then.)
<PNAME>;（それじゃ、スケート場で、古式さんを待つか。）;(I'll wait for Koshiki-san at the skating rink then.)
<PNAME>;（それじゃ、スケート場で、古式さんを待つか。）;(I'll wait for Koshiki-san at the skating rink then.)
<PNAME>;（それじゃ、海で、古式さんを待つか。）;(I'll wait for Koshiki-san at the beach then.)
<PNAME>;（それじゃ、海で、古式さんを待つか。）;(I'll wait for Koshiki-san at the beach then.)
<PNAME>;（それじゃ、スキー場で、古式さんを待つか。）;(I'll wait for Koshiki-san at the ski resort then.)
<PNAME>;（それじゃ、スキー場で、古式さんを待つか。）;(I'll wait for Koshiki-san at the ski resort then.)
<PNAME>;（それじゃ、神社で、古式さんを待つか。）;(I'll wait for Koshiki-san at the shrine then.)
<PNAME>;（それじゃ、神社で、古式さんを待つか。）;(I'll wait for Koshiki-san at the shrine then.)
<PNAME>;（今日は、清川さんとデートだ）;(I have a date with Kiyokawa-san today.)
<PNAME>;（今日は、清川さんとデートだ）;(I have a date with Kiyokawa-san today.)
<PNAME>;『清川さんのことについて知りたいんだけど。;I'd like to know about Kiyokawa-san.
<PNAME>;『よし、次は、清川とだ。;Alright, next is with Kiyokawa.
<PNAME>;『しばらく清川さんと話し込んだ;(I talked with Kiyokawa-san for a while.)
<PNAME>;『清川さんもいたのか。;Is Kiyokawa-san here too?
<PNAME>;『あっ、今日は、清川さんの誕生日じゃないか。;Ah, isn't today Kiyokawa-san's birthday?
<PNAME>;（もしかして、清川さんを知らず知らずのうちに傷つけてたのかな⋯。）;(Maybe I've hurt Kiyokawa-san without realizing...)
<PNAME>;『今日の自由行動は、この前の約束通り清川さんと―緒だ。;Today, I'll spend my free time with Kiyokawa-san, as promised.
<PNAME>;『まだ清川さんは、来ていないようだな。;I see Kiyokawa-san hasn't arrived yet.
<PNAME>;（清川さんにプレゼントをもらえるなんて、おれは幸せ者だー！）;(I'm so lucky to get a present from Kiyokawa-san!)
<PNAME>;（神様、何とぞ清川さんと今以上に仲良くなれますように。）;(God, please help me grow even closer with Kiyokawa-san.)
<PNAME>;（おっ、丁度いいところに清川さんが来たぞ。）;(Oh, Kiyokawa-san arrived just in time.)
<PNAME>;（あっ、清川さん。）;(Oh, Kiyokawa-san.)
<PNAME>;『よし、次は、清川さんとだ;Alright, next is with Kiyokawa-san.
<PNAME>;『よし、次は、清川さんとだ。;Alright, next is with Kiyokawa-san.
<PNAME>;（清川さんを、傷つけたといううわさが、流れてたそうだ。）;(There's a rumor going around that I hurt Kiyokawa-san.)
<PNAME>;（どうやら好雄の話では、俺が清川さんを、傷つけたといううわさが、流れてたそうだ。）;(According to Yoshio, there's a rumor going around that I hurt Kiyokawa-san.)
<PNAME>;（それじゃ、近所の公園で、清川さんを待つか。）;(I'll wait for Kiyokawa-san at the neighborhood park then.)
<PNAME>;（それじゃ、近所の公園で、清川さんを待つか。）;(I'll wait for Kiyokawa-san at the neighborhood park then.)
<PNAME>;（それじゃ、きらめき中央公園で、清川さんを待つか。）;(I'll wait for Kiyokawa-san at Kirameki Central Park then.)
<PNAME>;（それじゃ、きらめき中央公園で、清川さんを待つか。）;(I'll wait for Kiyokawa-san at Kirameki Central Park then.)
<PNAME>;（それじゃ、ショッピング街で、清川さんを待つか。）;(I'll wait for Kiyokawa-san at the shopping district then.)
<PNAME>;（それじゃ、ショッピング街で、清川さんを待つか。）;(I'll wait for Kiyokawa-san at the shopping district then.)
<PNAME>;（それじゃ、水族館で、清川さんを待つか。）;(I'll wait for Kiyokawa-san at the aquarium then.)
<PNAME>;（それじゃ、水族館で、清川さんを待つか。）;(I'll wait for Kiyokawa-san at the aquarium then.)
<PNAME>;（それじゃ、動物園で、清川さんを待つか。）;(I'll wait for Kiyokawa-san at the zoo then.)
<PNAME>;（それじゃ、動物園で、清川さんを待つか。）;(I'll wait for Kiyokawa-san at the zoo then.)
<PNAME>;（それじゃ、植物園で、清川さんを待つか。）;(I'll wait for Kiyokawa-san at the botanical garden then.)
<PNAME>;（それじゃ、植物園で、清川さんを待つか。）;(I'll wait for Kiyokawa-san at the botanical garden then.)
<PNAME>;（それじゃ、プラネタリウムで、清川さんを待つか。）;(I'll wait for Kiyokawa-san at the planetarium then.)
<PNAME>;（それじゃ、プラネタリウムで、清川さんを待つか。）;(I'll wait for Kiyokawa-san at the planetarium then.)
<PNAME>;（それじゃ、美術館で、清川さんを待つか。）;(I'll wait for Kiyokawa-san at the art museum then.)
<PNAME>;（それじゃ、美術館で、清川さんを待つか。）;(I'll wait for Kiyokawa-san at the art museum then.)
<PNAME>;（それじゃ、図書館で、清川さんを待つか。）;(I'll wait for Kiyokawa-san at the library then.)
<PNAME>;（それじゃ、図書館で、清川さんを待つか。）;(I'll wait for Kiyokawa-san at the library then.)
<PNAME>;（それじゃ、ゲームセンターで、清川さんを待つか。）;(I'll wait for Kiyokawa-san at the arcade then.)
<PNAME>;（それじゃ、ゲームセンターで、清川さんを待つか。）;(I'll wait for Kiyokawa-san at the arcade then.)
<PNAME>;（それじゃ、ボーリング場で、清川さんを待つか。）;(I'll wait for Kiyokawa-san at the bowling alley then.)
<PNAME>;（それじゃ、ボーリング場で、清川さんを待つか。）;(I'll wait for Kiyokawa-san at the bowling alley then.)
<PNAME>;（それじゃ、カラオケ屋で、清川さんを待つか。）;(I'll wait for Kiyokawa-san at the karaoke club then.)
<PNAME>;（それじゃ、カラオケ屋で、清川さんを待つか。）;(I'll wait for Kiyokawa-san at the karaoke club then.)
<PNAME>;（それじゃ、遊園地で、清川さんを待つか。）;(I'll wait for Kiyokawa-san at the amusement park then.)
<PNAME>;（それじゃ、遊園地で、清川さんを待つか。）;(I'll wait for Kiyokawa-san at the amusement park then.)
<PNAME>;（それじゃ、スタジアムで、清川さんを待つか。）;(I'll wait for Kiyokawa-san at the stadium then.)
<PNAME>;（それじゃ、スタジアムで、清川さんを待つか。）;(I'll wait for Kiyokawa-san at the stadium then.)
<PNAME>;（それじゃ、映画館で、清川さんを待つか。）;(I'll wait for Kiyokawa-san at the movie theater then.)
<PNAME>;（それじゃ、映画館で、清川さんを待つか。）;(I'll wait for Kiyokawa-san at the movie theater then.)
<PNAME>;（それじゃ、コンサート会場で、清川さんを待つか。）;(I'll wait for Kiyokawa-san at the concert hall then.)
<PNAME>;（それじゃ、コンサート会場で、清川さんを待つか。）;(I'll wait for Kiyokawa-san at the concert hall then.)
<PNAME>;（それじゃ、プールで、清川さんを待つか。）;(I'll wait for Kiyokawa-san at the pool then.)
<PNAME>;（それじゃ、プールで、清川さんを待つか。）;(I'll wait for Kiyokawa-san at the pool then.)
<PNAME>;（それじゃ、スケート場で、清川さんを待つか。）;(I'll wait for Kiyokawa-san at the skating rink then.)
<PNAME>;（それじゃ、スケート場で、清川さんを待つか。）;(I'll wait for Kiyokawa-san at the skating rink then.)
<PNAME>;（それじゃ、海で、清川さんを待つか。）;(I'll wait for Kiyokawa-san at the beach then.)
<PNAME>;（それじゃ、海で、清川さんを待つか。）;(I'll wait for Kiyokawa-san at the beach then.)
<PNAME>;（それじゃ、スキー場で、清川さんを待つか。）;(I'll wait for Kiyokawa-san at the ski resort then.)
<PNAME>;（それじゃ、スキー場で、清川さんを待つか。）;(I'll wait for Kiyokawa-san at the ski resort then.)
<PNAME>;（それじゃ、神社で、清川さんを待つか。）;(I'll wait for Kiyokawa-san at the shrine then.)
<PNAME>;（それじゃ、神社で、清川さんを待つか。）;(I'll wait for Kiyokawa-san at the shrine then.)
<PNAME>;（今日は、鏡さんとデートだ）;(I have a date with Kagami-san today.)
<PNAME>;（今日は、鏡さんとデートだ）;(I have a date with Kagami-san today.)
<PNAME>;『鏡さんのことについて知りたいんだけど。;I'd like to know about Kagami-san.
<PNAME>;『よし、次は、鏡とだ。;Alright, next is with Kagami.
<PNAME>;『しばらく鏡さんと話し込んだ;(I talked with Kagami-san for a while.)
<PNAME>;『鏡さんもいたのか。;Is Kagami-san here too?
<PNAME>;『あっ、今日は、鏡さんの誕生日じゃないか。;Ah, isn't today Kagami-san's birthday?
<PNAME>;（もしかして、鏡さんを知らず知らずのうちに傷つけてたのかな⋯。）;(Maybe I've hurt Kagami-san without realizing...)
<PNAME>;『今日の自由行動は、この前の約束通り鏡さんと―緒だ。;Today, I'll spend my free time with Kagami-san, as promised.
<PNAME>;『まだ鏡さんは、来ていないようだな。;I see Kagami-san hasn't arrived yet.
<PNAME>;（鏡さんにプレゼントをもらえるなんて、おれは幸せ者だー！）;(I'm so lucky to get a present from Kagami-san!)
<PNAME>;（神様、何とぞ鏡さんと今以上に仲良くなれますように。）;(God, please help me grow even closer with Kagami-san.)
<PNAME>;（おっ、丁度いいところに鏡さんが来たぞ。）;(Oh, Kagami-san arrived just in time.)
<PNAME>;（あっ、鏡さん。）;(Oh, Kagami-san.)
<PNAME>;『よし、次は、鏡さんとだ;Alright, next is with Kagami-san.
<PNAME>;『よし、次は、鏡さんとだ。;Alright, next is with Kagami-san.
<PNAME>;（鏡さんを、傷つけたといううわさが、流れてたそうだ。）;(There's a rumor going around that I hurt Kagami-san.)
<PNAME>;（どうやら好雄の話では、俺が鏡さんを、傷つけたといううわさが、流れてたそうだ。）;(According to Yoshio, there's a rumor going around that I hurt Kagami-san.)
<PNAME>;（それじゃ、近所の公園で、鏡さんを待つか。）;(I'll wait for Kagami-san at the neighborhood park then.)
<PNAME>;（それじゃ、近所の公園で、鏡さんを待つか。）;(I'll wait for Kagami-san at the neighborhood park then.)
<PNAME>;（それじゃ、きらめき中央公園で、鏡さんを待つか。）;(I'll wait for Kagami-san at Kirameki Central Park then.)
<PNAME>;（それじゃ、きらめき中央公園で、鏡さんを待つか。）;(I'll wait for Kagami-san at Kirameki Central Park then.)
<PNAME>;（それじゃ、ショッピング街で、鏡さんを待つか。）;(I'll wait for Kagami-san at the shopping district then.)
<PNAME>;（それじゃ、ショッピング街で、鏡さんを待つか。）;(I'll wait for Kagami-san at the shopping district then.)
<PNAME>;（それじゃ、水族館で、鏡さんを待つか。）;(I'll wait for Kagami-san at the aquarium then.)
<PNAME>;（それじゃ、水族館で、鏡さんを待つか。）;(I'll wait for Kagami-san at the aquarium then.)
<PNAME>;（それじゃ、動物園で、鏡さんを待つか。）;(I'll wait for Kagami-san at the zoo then.)
<PNAME>;（それじゃ、動物園で、鏡さんを待つか。）;(I'll wait for Kagami-san at the zoo then.)
<PNAME>;（それじゃ、植物園で、鏡さんを待つか。）;(I'll wait for Kagami-san at the botanical garden then.)
<PNAME>;（それじゃ、植物園で、鏡さんを待つか。）;(I'll wait for Kagami-san at the botanical garden then.)
<PNAME>;（それじゃ、プラネタリウムで、鏡さんを待つか。）;(I'll wait for Kagami-san at the planetarium then.)
<PNAME>;（それじゃ、プラネタリウムで、鏡さんを待つか。）;(I'll wait for Kagami-san at the planetarium then.)
<PNAME>;（それじゃ、美術館で、鏡さんを待つか。）;(I'll wait for Kagami-san at the art museum then.)
<PNAME>;（それじゃ、美術館で、鏡さんを待つか。）;(I'll wait for Kagami-san at the art museum then.)
<PNAME>;（それじゃ、図書館で、鏡さんを待つか。）;(I'll wait for Kagami-san at the library then.)
<PNAME>;（それじゃ、図書館で、鏡さんを待つか。）;(I'll wait for Kagami-san at the library then.)
<PNAME>;（それじゃ、ゲームセンターで、鏡さんを待つか。）;(I'll wait for Kagami-san at the arcade then.)
<PNAME>;（それじゃ、ゲームセンターで、鏡さんを待つか。）;(I'll wait for Kagami-san at the arcade then.)
<PNAME>;（それじゃ、ボーリング場で、鏡さんを待つか。）;(I'll wait for Kagami-san at the bowling alley then.)
<PNAME>;（それじゃ、ボーリング場で、鏡さんを待つか。）;(I'll wait for Kagami-san at the bowling alley then.)
<PNAME>;（それじゃ、カラオケ屋で、鏡さんを待つか。）;(I'll wait for Kagami-san at the karaoke club then.)
<PNAME>;（それじゃ、カラオケ屋で、鏡さんを待つか。）;(I'll wait for Kagami-san at the karaoke club then.)
<PNAME>;（それじゃ、遊園地で、鏡さんを待つか。）;(I'll wait for Kagami-san at the amusement park then.)
<PNAME>;（それじゃ、遊園地で、鏡さんを待つか。）;(I'll wait for Kagami-san at the amusement park then.)
<PNAME>;（それじゃ、スタジアムで、鏡さんを待つか。）;(I'll wait for Kagami-san at the stadium then.)
<PNAME>;（それじゃ、スタジアムで、鏡さんを待つか。）;(I'll wait for Kagami-san at the stadium then.)
<PNAME>;（それじゃ、映画館で、鏡さんを待つか。）;(I'll wait for Kagami-san at the movie theater then.)
<PNAME>;（それじゃ、映画館で、鏡さんを待つか。）;(I'll wait for Kagami-san at the movie theater then.)
<PNAME>;（それじゃ、コンサート会場で、鏡さんを待つか。）;(I'll wait for Kagami-san at the concert hall then.)
<PNAME>;（それじゃ、コンサート会場で、鏡さんを待つか。）;(I'll wait for Kagami-san at the concert hall then.)
<PNAME>;（それじゃ、プールで、鏡さんを待つか。）;(I'll wait for Kagami-san at the pool then.)
<PNAME>;（それじゃ、プールで、鏡さんを待つか。）;(I'll wait for Kagami-san at the pool then.)
<PNAME>;（それじゃ、スケート場で、鏡さんを待つか。）;(I'll wait for Kagami-san at the skating rink then.)
<PNAME>;（それじゃ、スケート場で、鏡さんを待つか。）;(I'll wait for Kagami-san at the skating rink then.)
<PNAME>;（それじゃ、海で、鏡さんを待つか。）;(I'll wait for Kagami-san at the beach then.)
<PNAME>;（それじゃ、海で、鏡さんを待つか。）;(I'll wait for Kagami-san at the beach then.)
<PNAME>;（それじゃ、スキー場で、鏡さんを待つか。）;(I'll wait for Kagami-san at the ski resort then.)
<PNAME>;（それじゃ、スキー場で、鏡さんを待つか。）;(I'll wait for Kagami-san at the ski resort then.)
<PNAME>;（それじゃ、神社で、鏡さんを待つか。）;(I'll wait for Kagami-san at the shrine then.)
<PNAME>;（それじゃ、神社で、鏡さんを待つか。）;(I'll wait for Kagami-san at the shrine then.)
<PNAME>;（今日は、朝日奈さんとデートだ）;(I have a date with Asahina-san today.)
<PNAME>;（今日は、朝日奈さんとデートだ）;(I have a date with Asahina-san today.)
<PNAME>;『朝日奈さんのことについて知りたいんだけど。;I'd like to know about Asahina-san.
<PNAME>;『よし、次は、朝日奈とだ。;Alright, next is with Asahina.
<PNAME>;『しばらく朝日奈さんと話し込んだ;(I talked with Asahina-san for a while.)
<PNAME>;『朝日奈さんもいたのか。;Is Asahina-san here too?
<PNAME>;『あっ、今日は、朝日奈さんの誕生日じゃないか。;Ah, isn't today Asahina-san's birthday?
<PNAME>;（もしかして、朝日奈さんを知らず知らずのうちに傷つけてたのかな⋯。）;(Maybe I've hurt Asahina-san without realizing...)
<PNAME>;『今日の自由行動は、この前の約束通り朝日奈さんと―緒だ。;Today, I'll spend my free time with Asahina-san, as promised.
<PNAME>;『まだ朝日奈さんは、来ていないようだな。;I see Asahina-san hasn't arrived yet.
<PNAME>;（朝日奈さんにプレゼントをもらえるなんて、おれは幸せ者だー！）;(I'm so lucky to get a present from Asahina-san!)
<PNAME>;（神様、何とぞ朝日奈さんと今以上に仲良くなれますように。）;(God, please help me grow even closer with Asahina-san.)
<PNAME>;（おっ、丁度いいところに朝日奈さんが来たぞ。）;(Oh, Asahina-san arrived just in time.)
<PNAME>;（あっ、朝日奈さん。）;(Oh, Asahina-san.)
<PNAME>;『よし、次は、朝日奈さんとだ;Alright, next is with Asahina-san.
<PNAME>;『よし、次は、朝日奈さんとだ。;Alright, next is with Asahina-san.
<PNAME>;（朝日奈さんを、傷つけたといううわさが、流れてたそうだ。）;(There's a rumor going around that I hurt Asahina-san.)
<PNAME>;（どうやら好雄の話では、俺が朝日奈さんを、傷つけたといううわさが、流れてたそうだ。）;(According to Yoshio, there's a rumor going around that I hurt Asahina-san.)
<PNAME>;（それじゃ、近所の公園で、朝日奈さんを待つか。）;(I'll wait for Asahina-san at the neighborhood park then.)
<PNAME>;（それじゃ、近所の公園で、朝日奈さんを待つか。）;(I'll wait for Asahina-san at the neighborhood park then.)
<PNAME>;（それじゃ、きらめき中央公園で、朝日奈さんを待つか。）;(I'll wait for Asahina-san at Kirameki Central Park then.)
<PNAME>;（それじゃ、きらめき中央公園で、朝日奈さんを待つか。）;(I'll wait for Asahina-san at Kirameki Central Park then.)
<PNAME>;（それじゃ、ショッピング街で、朝日奈さんを待つか。）;(I'll wait for Asahina-san at the shopping district then.)
<PNAME>;（それじゃ、ショッピング街で、朝日奈さんを待つか。）;(I'll wait for Asahina-san at the shopping district then.)
<PNAME>;（それじゃ、水族館で、朝日奈さんを待つか。）;(I'll wait for Asahina-san at the aquarium then.)
<PNAME>;（それじゃ、水族館で、朝日奈さんを待つか。）;(I'll wait for Asahina-san at the aquarium then.)
<PNAME>;（それじゃ、動物園で、朝日奈さんを待つか。）;(I'll wait for Asahina-san at the zoo then.)
<PNAME>;（それじゃ、動物園で、朝日奈さんを待つか。）;(I'll wait for Asahina-san at the zoo then.)
<PNAME>;（それじゃ、植物園で、朝日奈さんを待つか。）;(I'll wait for Asahina-san at the botanical garden then.)
<PNAME>;（それじゃ、植物園で、朝日奈さんを待つか。）;(I'll wait for Asahina-san at the botanical garden then.)
<PNAME>;（それじゃ、プラネタリウムで、朝日奈さんを待つか。）;(I'll wait for Asahina-san at the planetarium then.)
<PNAME>;（それじゃ、プラネタリウムで、朝日奈さんを待つか。）;(I'll wait for Asahina-san at the planetarium then.)
<PNAME>;（それじゃ、美術館で、朝日奈さんを待つか。）;(I'll wait for Asahina-san at the art museum then.)
<PNAME>;（それじゃ、美術館で、朝日奈さんを待つか。）;(I'll wait for Asahina-san at the art museum then.)
<PNAME>;（それじゃ、図書館で、朝日奈さんを待つか。）;(I'll wait for Asahina-san at the library then.)
<PNAME>;（それじゃ、図書館で、朝日奈さんを待つか。）;(I'll wait for Asahina-san at the library then.)
<PNAME>;（それじゃ、ゲームセンターで、朝日奈さんを待つか。）;(I'll wait for Asahina-san at the arcade then.)
<PNAME>;（それじゃ、ゲームセンターで、朝日奈さんを待つか。）;(I'll wait for Asahina-san at the arcade then.)
<PNAME>;（それじゃ、ボーリング場で、朝日奈さんを待つか。）;(I'll wait for Asahina-san at the bowling alley then.)
<PNAME>;（それじゃ、ボーリング場で、朝日奈さんを待つか。）;(I'll wait for Asahina-san at the bowling alley then.)
<PNAME>;（それじゃ、カラオケ屋で、朝日奈さんを待つか。）;(I'll wait for Asahina-san at the karaoke club then.)
<PNAME>;（それじゃ、カラオケ屋で、朝日奈さんを待つか。）;(I'll wait for Asahina-san at the karaoke club then.)
<PNAME>;（それじゃ、遊園地で、朝日奈さんを待つか。）;(I'll wait for Asahina-san at the amusement park then.)
<PNAME>;（それじゃ、遊園地で、朝日奈さんを待つか。）;(I'll wait for Asahina-san at the amusement park then.)
<PNAME>;（それじゃ、スタジアムで、朝日奈さんを待つか。）;(I'll wait for Asahina-san at the stadium then.)
<PNAME>;（それじゃ、スタジアムで、朝日奈さんを待つか。）;(I'll wait for Asahina-san at the stadium then.)
<PNAME>;（それじゃ、映画館で、朝日奈さんを待つか。）;(I'll wait for Asahina-san at the movie theater then.)
<PNAME>;（それじゃ、映画館で、朝日奈さんを待つか。）;(I'll wait for Asahina-san at the movie theater then.)
<PNAME>;（それじゃ、コンサート会場で、朝日奈さんを待つか。）;(I'll wait for Asahina-san at the concert hall then.)
<PNAME>;（それじゃ、コンサート会場で、朝日奈さんを待つか。）;(I'll wait for Asahina-san at the concert hall then.)
<PNAME>;（それじゃ、プールで、朝日奈さんを待つか。）;(I'll wait for Asahina-san at the pool then.)
<PNAME>;（それじゃ、プールで、朝日奈さんを待つか。）;(I'll wait for Asahina-san at the pool then.)
<PNAME>;（それじゃ、スケート場で、朝日奈さんを待つか。）;(I'll wait for Asahina-san at the skating rink then.)
<PNAME>;（それじゃ、スケート場で、朝日奈さんを待つか。）;(I'll wait for Asahina-san at the skating rink then.)
<PNAME>;（それじゃ、海で、朝日奈さんを待つか。）;(I'll wait for Asahina-san at the beach then.)
<PNAME>;（それじゃ、海で、朝日奈さんを待つか。）;(I'll wait for Asahina-san at the beach then.)
<PNAME>;（それじゃ、スキー場で、朝日奈さんを待つか。）;(I'll wait for Asahina-san at the ski resort then.)
<PNAME>;（それじゃ、スキー場で、朝日奈さんを待つか。）;(I'll wait for Asahina-san at the ski resort then.)
<PNAME>;（それじゃ、神社で、朝日奈さんを待つか。）;(I'll wait for Asahina-san at the shrine then.)
<PNAME>;（それじゃ、神社で、朝日奈さんを待つか。）;(I'll wait for Asahina-san at the shrine then.)
<PNAME>;（今日は、美樹原さんとデートだ）;(I have a date with Mikihara-san today.)
<PNAME>;（今日は、美樹原さんとデートだ）;(I have a date with Mikihara-san today.)
<PNAME>;『美樹原さんのことについて知りたいんだけど。;I'd like to know about Mikihara-san.
<PNAME>;『よし、次は、美樹原とだ。;Alright, next is with Mikihara.
<PNAME>;『しばらく美樹原さんと話し込んだ;(I talked with Mikihara-san for a while.)
<PNAME>;『美樹原さんもいたのか。;Is Mikihara-san here too?
<PNAME>;『あっ、今日は、美樹原さんの誕生日じゃないか。;Ah, isn't today Mikihara-san's birthday?
<PNAME>;（もしかして、美樹原さんを知らず知らずのうちに傷つけてたのかな⋯。）;(Maybe I've hurt Mikihara-san without realizing...)
<PNAME>;『今日の自由行動は、この前の約束通り美樹原さんと―緒だ。;Today, I'll spend my free time with Mikihara-san, as promised.
<PNAME>;『まだ美樹原さんは、来ていないようだな。;I see Mikihara-san hasn't arrived yet.
<PNAME>;（美樹原さんにプレゼントをもらえるなんて、おれは幸せ者だー！）;(I'm so lucky to get a present from Mikihara-san!)
<PNAME>;（神様、何とぞ美樹原さんと今以上に仲良くなれますように。）;(God, please help me grow even closer with Mikihara-san.)
<PNAME>;（おっ、丁度いいところに美樹原さんが来たぞ。）;(Oh, Mikihara-san arrived just in time.)
<PNAME>;（あっ、美樹原さん。）;(Oh, Mikihara-san.)
<PNAME>;『よし、次は、美樹原さんとだ;Alright, next is with Mikihara-san.
<PNAME>;『よし、次は、美樹原さんとだ。;Alright, next is with Mikihara-san.
<PNAME>;（美樹原さんを、傷つけたといううわさが、流れてたそうだ。）;(There's a rumor going around that I hurt Mikihara-san.)
<PNAME>;（どうやら好雄の話では、俺が美樹原さんを、傷つけたといううわさが、流れてたそうだ。）;(According to Yoshio, there's a rumor going around that I hurt Mikihara-san.)
<PNAME>;（それじゃ、近所の公園で、美樹原さんを待つか。）;(I'll wait for Mikihara-san at the neighborhood park then.)
<PNAME>;（それじゃ、近所の公園で、美樹原さんを待つか。）;(I'll wait for Mikihara-san at the neighborhood park then.)
<PNAME>;（それじゃ、きらめき中央公園で、美樹原さんを待つか。）;(I'll wait for Mikihara-san at Kirameki Central Park then.)
<PNAME>;（それじゃ、きらめき中央公園で、美樹原さんを待つか。）;(I'll wait for Mikihara-san at Kirameki Central Park then.)
<PNAME>;（それじゃ、ショッピング街で、美樹原さんを待つか。）;(I'll wait for Mikihara-san at the shopping district then.)
<PNAME>;（それじゃ、ショッピング街で、美樹原さんを待つか。）;(I'll wait for Mikihara-san at the shopping district then.)
<PNAME>;（それじゃ、水族館で、美樹原さんを待つか。）;(I'll wait for Mikihara-san at the aquarium then.)
<PNAME>;（それじゃ、水族館で、美樹原さんを待つか。）;(I'll wait for Mikihara-san at the aquarium then.)
<PNAME>;（それじゃ、動物園で、美樹原さんを待つか。）;(I'll wait for Mikihara-san at the zoo then.)
<PNAME>;（それじゃ、動物園で、美樹原さんを待つか。）;(I'll wait for Mikihara-san at the zoo then.)
<PNAME>;（それじゃ、植物園で、美樹原さんを待つか。）;(I'll wait for Mikihara-san at the botanical garden then.)
<PNAME>;（それじゃ、植物園で、美樹原さんを待つか。）;(I'll wait for Mikihara-san at the botanical garden then.)
<PNAME>;（それじゃ、プラネタリウムで、美樹原さんを待つか。）;(I'll wait for Mikihara-san at the planetarium then.)
<PNAME>;（それじゃ、プラネタリウムで、美樹原さんを待つか。）;(I'll wait for Mikihara-san at the planetarium then.)
<PNAME>;（それじゃ、美術館で、美樹原さんを待つか。）;(I'll wait for Mikihara-san at the art museum then.)
<PNAME>;（それじゃ、美術館で、美樹原さんを待つか。）;(I'll wait for Mikihara-san at the art museum then.)
<PNAME>;（それじゃ、図書館で、美樹原さんを待つか。）;(I'll wait for Mikihara-san at the library then.)
<PNAME>;（それじゃ、図書館で、美樹原さんを待つか。）;(I'll wait for Mikihara-san at the library then.)
<PNAME>;（それじゃ、ゲームセンターで、美樹原さんを待つか。）;(I'll wait for Mikihara-san at the arcade then.)
<PNAME>;（それじゃ、ゲームセンターで、美樹原さんを待つか。）;(I'll wait for Mikihara-san at the arcade then.)
<PNAME>;（それじゃ、ボーリング場で、美樹原さんを待つか。）;(I'll wait for Mikihara-san at the bowling alley then.)
<PNAME>;（それじゃ、ボーリング場で、美樹原さんを待つか。）;(I'll wait for Mikihara-san at the bowling alley then.)
<PNAME>;（それじゃ、カラオケ屋で、美樹原さんを待つか。）;(I'll wait for Mikihara-san at the karaoke club then.)
<PNAME>;（それじゃ、カラオケ屋で、美樹原さんを待つか。）;(I'll wait for Mikihara-san at the karaoke club then.)
<PNAME>;（それじゃ、遊園地で、美樹原さんを待つか。）;(I'll wait for Mikihara-san at the amusement park then.)
<PNAME>;（それじゃ、遊園地で、美樹原さんを待つか。）;(I'll wait for Mikihara-san at the amusement park then.)
<PNAME>;（それじゃ、スタジアムで、美樹原さんを待つか。）;(I'll wait for Mikihara-san at the stadium then.)
<PNAME>;（それじゃ、スタジアムで、美樹原さんを待つか。）;(I'll wait for Mikihara-san at the stadium then.)
<PNAME>;（それじゃ、映画館で、美樹原さんを待つか。）;(I'll wait for Mikihara-san at the movie theater then.)
<PNAME>;（それじゃ、映画館で、美樹原さんを待つか。）;(I'll wait for Mikihara-san at the movie theater then.)
<PNAME>;（それじゃ、コンサート会場で、美樹原さんを待つか。）;(I'll wait for Mikihara-san at the concert hall then.)
<PNAME>;（それじゃ、コンサート会場で、美樹原さんを待つか。）;(I'll wait for Mikihara-san at the concert hall then.)
<PNAME>;（それじゃ、プールで、美樹原さんを待つか。）;(I'll wait for Mikihara-san at the pool then.)
<PNAME>;（それじゃ、プールで、美樹原さんを待つか。）;(I'll wait for Mikihara-san at the pool then.)
<PNAME>;（それじゃ、スケート場で、美樹原さんを待つか。）;(I'll wait for Mikihara-san at the skating rink then.)
<PNAME>;（それじゃ、スケート場で、美樹原さんを待つか。）;(I'll wait for Mikihara-san at the skating rink then.)
<PNAME>;（それじゃ、海で、美樹原さんを待つか。）;(I'll wait for Mikihara-san at the beach then.)
<PNAME>;（それじゃ、海で、美樹原さんを待つか。）;(I'll wait for Mikihara-san at the beach then.)
<PNAME>;（それじゃ、スキー場で、美樹原さんを待つか。）;(I'll wait for Mikihara-san at the ski resort then.)
<PNAME>;（それじゃ、スキー場で、美樹原さんを待つか。）;(I'll wait for Mikihara-san at the ski resort then.)
<PNAME>;（それじゃ、神社で、美樹原さんを待つか。）;(I'll wait for Mikihara-san at the shrine then.)
<PNAME>;（それじゃ、神社で、美樹原さんを待つか。）;(I'll wait for Mikihara-san at the shrine then.)
<PNAME>;（今日は、虹野さんとデートだ）;(I have a date with Nijino-san today.)
<PNAME>;（今日は、虹野さんとデートだ）;(I have a date with Nijino-san today.)
<PNAME>;『虹野さんのことについて知りたいんだけど。;I'd like to know about Nijino-san.
<PNAME>;『よし、次は、虹野とだ。;Alright, next is with Nijino.
<PNAME>;『しばらく虹野さんと話し込んだ;(I talked with Nijino-san for a while.)
<PNAME>;『虹野さんもいたのか。;Is Nijino-san here too?
<PNAME>;『あっ、今日は、虹野さんの誕生日じゃないか。;Ah, isn't today Nijino-san's birthday?
<PNAME>;（もしかして、虹野さんを知らず知らずのうちに傷つけてたのかな⋯。）;(Maybe I've hurt Nijino-san without realizing...)
<PNAME>;『今日の自由行動は、この前の約束通り虹野さんと―緒だ。;Today, I'll spend my free time with Nijino-san, as promised.
<PNAME>;『まだ虹野さんは、来ていないようだな。;I see Nijino-san hasn't arrived yet.
<PNAME>;（虹野さんにプレゼントをもらえるなんて、おれは幸せ者だー！）;(I'm so lucky to get a present from Nijino-san!)
<PNAME>;（神様、何とぞ虹野さんと今以上に仲良くなれますように。）;(God, please help me grow even closer with Nijino-san.)
<PNAME>;（おっ、丁度いいところに虹野さんが来たぞ。）;(Oh, Nijino-san arrived just in time.)
<PNAME>;（あっ、虹野さん。）;(Oh, Nijino-san.)
<PNAME>;『よし、次は、虹野さんとだ;Alright, next is with Nijino-san.
<PNAME>;『よし、次は、虹野さんとだ。;Alright, next is with Nijino-san.
<PNAME>;（虹野さんを、傷つけたといううわさが、流れてたそうだ。）;(There's a rumor going around that I hurt Nijino-san.)
<PNAME>;（どうやら好雄の話では、俺が虹野さんを、傷つけたといううわさが、流れてたそうだ。）;(According to Yoshio, there's a rumor going around that I hurt Nijino-san.)
<PNAME>;（それじゃ、近所の公園で、虹野さんを待つか。）;(I'll wait for Nijino-san at the neighborhood park then.)
<PNAME>;（それじゃ、近所の公園で、虹野さんを待つか。）;(I'll wait for Nijino-san at the neighborhood park then.)
<PNAME>;（それじゃ、きらめき中央公園で、虹野さんを待つか。）;(I'll wait for Nijino-san at Kirameki Central Park then.)
<PNAME>;（それじゃ、きらめき中央公園で、虹野さんを待つか。）;(I'll wait for Nijino-san at Kirameki Central Park then.)
<PNAME>;（それじゃ、ショッピング街で、虹野さんを待つか。）;(I'll wait for Nijino-san at the shopping district then.)
<PNAME>;（それじゃ、ショッピング街で、虹野さんを待つか。）;(I'll wait for Nijino-san at the shopping district then.)
<PNAME>;（それじゃ、水族館で、虹野さんを待つか。）;(I'll wait for Nijino-san at the aquarium then.)
<PNAME>;（それじゃ、水族館で、虹野さんを待つか。）;(I'll wait for Nijino-san at the aquarium then.)
<PNAME>;（それじゃ、動物園で、虹野さんを待つか。）;(I'll wait for Nijino-san at the zoo then.)
<PNAME>;（それじゃ、動物園で、虹野さんを待つか。）;(I'll wait for Nijino-san at the zoo then.)
<PNAME>;（それじゃ、植物園で、虹野さんを待つか。）;(I'll wait for Nijino-san at the botanical garden then.)
<PNAME>;（それじゃ、植物園で、虹野さんを待つか。）;(I'll wait for Nijino-san at the botanical garden then.)
<PNAME>;（それじゃ、プラネタリウムで、虹野さんを待つか。）;(I'll wait for Nijino-san at the planetarium then.)
<PNAME>;（それじゃ、プラネタリウムで、虹野さんを待つか。）;(I'll wait for Nijino-san at the planetarium then.)
<PNAME>;（それじゃ、美術館で、虹野さんを待つか。）;(I'll wait for Nijino-san at the art museum then.)
<PNAME>;（それじゃ、美術館で、虹野さんを待つか。）;(I'll wait for Nijino-san at the art museum then.)
<PNAME>;（それじゃ、図書館で、虹野さんを待つか。）;(I'll wait for Nijino-san at the library then.)
<PNAME>;（それじゃ、図書館で、虹野さんを待つか。）;(I'll wait for Nijino-san at the library then.)
<PNAME>;（それじゃ、ゲームセンターで、虹野さんを待つか。）;(I'll wait for Nijino-san at the arcade then.)
<PNAME>;（それじゃ、ゲームセンターで、虹野さんを待つか。）;(I'll wait for Nijino-san at the arcade then.)
<PNAME>;（それじゃ、ボーリング場で、虹野さんを待つか。）;(I'll wait for Nijino-san at the bowling alley then.)
<PNAME>;（それじゃ、ボーリング場で、虹野さんを待つか。）;(I'll wait for Nijino-san at the bowling alley then.)
<PNAME>;（それじゃ、カラオケ屋で、虹野さんを待つか。）;(I'll wait for Nijino-san at the karaoke club then.)
<PNAME>;（それじゃ、カラオケ屋で、虹野さんを待つか。）;(I'll wait for Nijino-san at the karaoke club then.)
<PNAME>;（それじゃ、遊園地で、虹野さんを待つか。）;(I'll wait for Nijino-san at the amusement park then.)
<PNAME>;（それじゃ、遊園地で、虹野さんを待つか。）;(I'll wait for Nijino-san at the amusement park then.)
<PNAME>;（それじゃ、スタジアムで、虹野さんを待つか。）;(I'll wait for Nijino-san at the stadium then.)
<PNAME>;（それじゃ、スタジアムで、虹野さんを待つか。）;(I'll wait for Nijino-san at the stadium then.)
<PNAME>;（それじゃ、映画館で、虹野さんを待つか。）;(I'll wait for Nijino-san at the movie theater then.)
<PNAME>;（それじゃ、映画館で、虹野さんを待つか。）;(I'll wait for Nijino-san at the movie theater then.)
<PNAME>;（それじゃ、コンサート会場で、虹野さんを待つか。）;(I'll wait for Nijino-san at the concert hall then.)
<PNAME>;（それじゃ、コンサート会場で、虹野さんを待つか。）;(I'll wait for Nijino-san at the concert hall then.)
<PNAME>;（それじゃ、プールで、虹野さんを待つか。）;(I'll wait for Nijino-san at the pool then.)
<PNAME>;（それじゃ、プールで、虹野さんを待つか。）;(I'll wait for Nijino-san at the pool then.)
<PNAME>;（それじゃ、スケート場で、虹野さんを待つか。）;(I'll wait for Nijino-san at the skating rink then.)
<PNAME>;（それじゃ、スケート場で、虹野さんを待つか。）;(I'll wait for Nijino-san at the skating rink then.)
<PNAME>;（それじゃ、海で、虹野さんを待つか。）;(I'll wait for Nijino-san at the beach then.)
<PNAME>;（それじゃ、海で、虹野さんを待つか。）;(I'll wait for Nijino-san at the beach then.)
<PNAME>;（それじゃ、スキー場で、虹野さんを待つか。）;(I'll wait for Nijino-san at the ski resort then.)
<PNAME>;（それじゃ、スキー場で、虹野さんを待つか。）;(I'll wait for Nijino-san at the ski resort then.)
<PNAME>;（それじゃ、神社で、虹野さんを待つか。）;(I'll wait for Nijino-san at the shrine then.)
<PNAME>;（それじゃ、神社で、虹野さんを待つか。）;(I'll wait for Nijino-san at the shrine then.)
<PNAME>;（今日は、優美さんとデートだ）;(I have a date with Yumi-san today.)
<PNAME>;（今日は、優美さんとデートだ）;(I have a date with Yumi-san today.)
<PNAME>;『優美さんのことについて知りたいんだけど。;I'd like to know about Yumi-san.
<PNAME>;『よし、次は、優美とだ。;Alright, next is with Yumi.
<PNAME>;『しばらく優美さんと話し込んだ;(I talked with Yumi-san for a while.)
<PNAME>;『優美さんもいたのか。;Is Yumi-san here too?
<PNAME>;『あっ、今日は、優美さんの誕生日じゃないか。;Ah, isn't today Yumi-san's birthday?
<PNAME>;（もしかして、優美さんを知らず知らずのうちに傷つけてたのかな⋯。）;(Maybe I've hurt Yumi-san without realizing...)
<PNAME>;『今日の自由行動は、この前の約束通り優美さんと―緒だ。;Today, I'll spend my free time with Yumi-san, as promised.
<PNAME>;『まだ優美さんは、来ていないようだな。;I see Yumi-san hasn't arrived yet.
<PNAME>;（優美さんにプレゼントをもらえるなんて、おれは幸せ者だー！）;(I'm so lucky to get a present from Yumi-san!)
<PNAME>;（神様、何とぞ優美さんと今以上に仲良くなれますように。）;(God, please help me grow even closer with Yumi-san.)
<PNAME>;（おっ、丁度いいところに優美さんが来たぞ。）;(Oh, Yumi-san arrived just in time.)
<PNAME>;（あっ、優美さん。）;(Oh, Yumi-san.)
<PNAME>;『よし、次は、優美さんとだ;Alright, next is with Yumi-san.
<PNAME>;『よし、次は、優美さんとだ。;Alright, next is with Yumi-san.
<PNAME>;（優美さんを、傷つけたといううわさが、流れてたそうだ。）;(There's a rumor going around that I hurt Yumi-san.)
<PNAME>;（どうやら好雄の話では、俺が優美さんを、傷つけたといううわさが、流れてたそうだ。）;(According to Yoshio, there's a rumor going around that I hurt Yumi-san.)
<PNAME>;（それじゃ、近所の公園で、優美さんを待つか。）;(I'll wait for Yumi-san at the neighborhood park then.)
<PNAME>;（それじゃ、近所の公園で、優美さんを待つか。）;(I'll wait for Yumi-san at the neighborhood park then.)
<PNAME>;（それじゃ、きらめき中央公園で、優美さんを待つか。）;(I'll wait for Yumi-san at Kirameki Central Park then.)
<PNAME>;（それじゃ、きらめき中央公園で、優美さんを待つか。）;(I'll wait for Yumi-san at Kirameki Central Park then.)
<PNAME>;（それじゃ、ショッピング街で、優美さんを待つか。）;(I'll wait for Yumi-san at the shopping district then.)
<PNAME>;（それじゃ、ショッピング街で、優美さんを待つか。）;(I'll wait for Yumi-san at the shopping district then.)
<PNAME>;（それじゃ、水族館で、優美さんを待つか。）;(I'll wait for Yumi-san at the aquarium then.)
<PNAME>;（それじゃ、水族館で、優美さんを待つか。）;(I'll wait for Yumi-san at the aquarium then.)
<PNAME>;（それじゃ、動物園で、優美さんを待つか。）;(I'll wait for Yumi-san at the zoo then.)
<PNAME>;（それじゃ、動物園で、優美さんを待つか。）;(I'll wait for Yumi-san at the zoo then.)
<PNAME>;（それじゃ、植物園で、優美さんを待つか。）;(I'll wait for Yumi-san at the botanical garden then.)
<PNAME>;（それじゃ、植物園で、優美さんを待つか。）;(I'll wait for Yumi-san at the botanical garden then.)
<PNAME>;（それじゃ、プラネタリウムで、優美さんを待つか。）;(I'll wait for Yumi-san at the planetarium then.)
<PNAME>;（それじゃ、プラネタリウムで、優美さんを待つか。）;(I'll wait for Yumi-san at the planetarium then.)
<PNAME>;（それじゃ、美術館で、優美さんを待つか。）;(I'll wait for Yumi-san at the art museum then.)
<PNAME>;（それじゃ、美術館で、優美さんを待つか。）;(I'll wait for Yumi-san at the art museum then.)
<PNAME>;（それじゃ、図書館で、優美さんを待つか。）;(I'll wait for Yumi-san at the library then.)
<PNAME>;（それじゃ、図書館で、優美さんを待つか。）;(I'll wait for Yumi-san at the library then.)
<PNAME>;（それじゃ、ゲームセンターで、優美さんを待つか。）;(I'll wait for Yumi-san at the arcade then.)
<PNAME>;（それじゃ、ゲームセンターで、優美さんを待つか。）;(I'll wait for Yumi-san at the arcade then.)
<PNAME>;（それじゃ、ボーリング場で、優美さんを待つか。）;(I'll wait for Yumi-san at the bowling alley then.)
<PNAME>;（それじゃ、ボーリング場で、優美さんを待つか。）;(I'll wait for Yumi-san at the bowling alley then.)
<PNAME>;（それじゃ、カラオケ屋で、優美さんを待つか。）;(I'll wait for Yumi-san at the karaoke club then.)
<PNAME>;（それじゃ、カラオケ屋で、優美さんを待つか。）;(I'll wait for Yumi-san at the karaoke club then.)
<PNAME>;（それじゃ、遊園地で、優美さんを待つか。）;(I'll wait for Yumi-san at the amusement park then.)
<PNAME>;（それじゃ、遊園地で、優美さんを待つか。）;(I'll wait for Yumi-san at the amusement park then.)
<PNAME>;（それじゃ、スタジアムで、優美さんを待つか。）;(I'll wait for Yumi-san at the stadium then.)
<PNAME>;（それじゃ、スタジアムで、優美さんを待つか。）;(I'll wait for Yumi-san at the stadium then.)
<PNAME>;（それじゃ、映画館で、優美さんを待つか。）;(I'll wait for Yumi-san at the movie theater then.)
<PNAME>;（それじゃ、映画館で、優美さんを待つか。）;(I'll wait for Yumi-san at the movie theater then.)
<PNAME>;（それじゃ、コンサート会場で、優美さんを待つか。）;(I'll wait for Yumi-san at the concert hall then.)
<PNAME>;（それじゃ、コンサート会場で、優美さんを待つか。）;(I'll wait for Yumi-san at the concert hall then.)
<PNAME>;（それじゃ、プールで、優美さんを待つか。）;(I'll wait for Yumi-san at the pool then.)
<PNAME>;（それじゃ、プールで、優美さんを待つか。）;(I'll wait for Yumi-san at the pool then.)
<PNAME>;（それじゃ、スケート場で、優美さんを待つか。）;(I'll wait for Yumi-san at the skating rink then.)
<PNAME>;（それじゃ、スケート場で、優美さんを待つか。）;(I'll wait for Yumi-san at the skating rink then.)
<PNAME>;（それじゃ、海で、優美さんを待つか。）;(I'll wait for Yumi-san at the beach then.)
<PNAME>;（それじゃ、海で、優美さんを待つか。）;(I'll wait for Yumi-san at the beach then.)
<PNAME>;（それじゃ、スキー場で、優美さんを待つか。）;(I'll wait for Yumi-san at the ski resort then.)
<PNAME>;（それじゃ、スキー場で、優美さんを待つか。）;(I'll wait for Yumi-san at the ski resort then.)
<PNAME>;（それじゃ、神社で、優美さんを待つか。）;(I'll wait for Yumi-san at the shrine then.)
<PNAME>;（それじゃ、神社で、優美さんを待つか。）;(I'll wait for Yumi-san at the shrine then.)
<PNAME>;（今日は、館林さんとデートだ）;(I have a date with Tatebayashi-san today.)
<PNAME>;（今日は、館林さんとデートだ）;(I have a date with Tatebayashi-san today.)
<PNAME>;『館林さんのことについて知りたいんだけど。;I'd like to know about Tatebayashi-san.
<PNAME>;『よし、次は、館林とだ。;Alright, next is with Tatebayashi.
<PNAME>;『しばらく館林さんと話し込んだ;(I talked with Tatebayashi-san for a while.)
<PNAME>;『館林さんもいたのか。;Is Tatebayashi-san here too?
<PNAME>;『あっ、今日は、館林さんの誕生日じゃないか。;Ah, isn't today Tatebayashi-san's birthday?
<PNAME>;（もしかして、館林さんを知らず知らずのうちに傷つけてたのかな⋯。）;(Maybe I've hurt Tatebayashi-san without realizing...)
<PNAME>;『今日の自由行動は、この前の約束通り館林さんと―緒だ。;Today, I'll spend my free time with Tatebayashi-san, as promised.
<PNAME>;『まだ館林さんは、来ていないようだな。;I see Tatebayashi-san hasn't arrived yet.
<PNAME>;（館林さんにプレゼントをもらえるなんて、おれは幸せ者だー！）;(I'm so lucky to get a present from Tatebayashi-san!)
<PNAME>;（神様、何とぞ館林さんと今以上に仲良くなれますように。）;(God, please help me grow even closer with Tatebayashi-san.)
<PNAME>;（おっ、丁度いいところに館林さんが来たぞ。）;(Oh, Tatebayashi-san arrived just in time.)
<PNAME>;（あっ、館林さん。）;(Oh, Tatebayashi-san.)
<PNAME>;『よし、次は、館林さんとだ;Alright, next is with Tatebayashi-san.
<PNAME>;『よし、次は、館林さんとだ。;Alright, next is with Tatebayashi-san.
<PNAME>;（館林さんを、傷つけたといううわさが、流れてたそうだ。）;(There's a rumor going around that I hurt Tatebayashi-san.)
<PNAME>;（どうやら好雄の話では、俺が館林さんを、傷つけたといううわさが、流れてたそうだ。）;(According to Yoshio, there's a rumor going around that I hurt Tatebayashi-san.)
<PNAME>;（それじゃ、近所の公園で、館林さんを待つか。）;(I'll wait for Tatebayashi-san at the neighborhood park then.)
<PNAME>;（それじゃ、近所の公園で、館林さんを待つか。）;(I'll wait for Tatebayashi-san at the neighborhood park then.)
<PNAME>;（それじゃ、きらめき中央公園で、館林さんを待つか。）;(I'll wait for Tatebayashi-san at Kirameki Central Park then.)
<PNAME>;（それじゃ、きらめき中央公園で、館林さんを待つか。）;(I'll wait for Tatebayashi-san at Kirameki Central Park then.)
<PNAME>;（それじゃ、ショッピング街で、館林さんを待つか。）;(I'll wait for Tatebayashi-san at the shopping district then.)
<PNAME>;（それじゃ、ショッピング街で、館林さんを待つか。）;(I'll wait for Tatebayashi-san at the shopping district then.)
<PNAME>;（それじゃ、水族館で、館林さんを待つか。）;(I'll wait for Tatebayashi-san at the aquarium then.)
<PNAME>;（それじゃ、水族館で、館林さんを待つか。）;(I'll wait for Tatebayashi-san at the aquarium then.)
<PNAME>;（それじゃ、動物園で、館林さんを待つか。）;(I'll wait for Tatebayashi-san at the zoo then.)
<PNAME>;（それじゃ、動物園で、館林さんを待つか。）;(I'll wait for Tatebayashi-san at the zoo then.)
<PNAME>;（それじゃ、植物園で、館林さんを待つか。）;(I'll wait for Tatebayashi-san at the botanical garden then.)
<PNAME>;（それじゃ、植物園で、館林さんを待つか。）;(I'll wait for Tatebayashi-san at the botanical garden then.)
<PNAME>;（それじゃ、プラネタリウムで、館林さんを待つか。）;(I'll wait for Tatebayashi-san at the planetarium then.)
<PNAME>;（それじゃ、プラネタリウムで、館林さんを待つか。）;(I'll wait for Tatebayashi-san at the planetarium then.)
<PNAME>;（それじゃ、美術館で、館林さんを待つか。）;(I'll wait for Tatebayashi-san at the art museum then.)
<PNAME>;（それじゃ、美術館で、館林さんを待つか。）;(I'll wait for Tatebayashi-san at the art museum then.)
<PNAME>;（それじゃ、図書館で、館林さんを待つか。）;(I'll wait for Tatebayashi-san at the library then.)
<PNAME>;（それじゃ、図書館で、館林さんを待つか。）;(I'll wait for Tatebayashi-san at the library then.)
<PNAME>;（それじゃ、ゲームセンターで、館林さんを待つか。）;(I'll wait for Tatebayashi-san at the arcade then.)
<PNAME>;（それじゃ、ゲームセンターで、館林さんを待つか。）;(I'll wait for Tatebayashi-san at the arcade then.)
<PNAME>;（それじゃ、ボーリング場で、館林さんを待つか。）;(I'll wait for Tatebayashi-san at the bowling alley then.)
<PNAME>;（それじゃ、ボーリング場で、館林さんを待つか。）;(I'll wait for Tatebayashi-san at the bowling alley then.)
<PNAME>;（それじゃ、カラオケ屋で、館林さんを待つか。）;(I'll wait for Tatebayashi-san at the karaoke club then.)
<PNAME>;（それじゃ、カラオケ屋で、館林さんを待つか。）;(I'll wait for Tatebayashi-san at the karaoke club then.)
<PNAME>;（それじゃ、遊園地で、館林さんを待つか。）;(I'll wait for Tatebayashi-san at the amusement park then.)
<PNAME>;（それじゃ、遊園地で、館林さんを待つか。）;(I'll wait for Tatebayashi-san at the amusement park then.)
<PNAME>;（それじゃ、スタジアムで、館林さんを待つか。）;(I'll wait for Tatebayashi-san at the stadium then.)
<PNAME>;（それじゃ、スタジアムで、館林さんを待つか。）;(I'll wait for Tatebayashi-san at the stadium then.)
<PNAME>;（それじゃ、映画館で、館林さんを待つか。）;(I'll wait for Tatebayashi-san at the movie theater then.)
<PNAME>;（それじゃ、映画館で、館林さんを待つか。）;(I'll wait for Tatebayashi-san at the movie theater then.)
<PNAME>;（それじゃ、コンサート会場で、館林さんを待つか。）;(I'll wait for Tatebayashi-san at the concert hall then.)
<PNAME>;（それじゃ、コンサート会場で、館林さんを待つか。）;(I'll wait for Tatebayashi-san at the concert hall then.)
<PNAME>;（それじゃ、プールで、館林さんを待つか。）;(I'll wait for Tatebayashi-san at the pool then.)
<PNAME>;（それじゃ、プールで、館林さんを待つか。）;(I'll wait for Tatebayashi-san at the pool then.)
<PNAME>;（それじゃ、スケート場で、館林さんを待つか。）;(I'll wait for Tatebayashi-san at the skating rink then.)
<PNAME>;（それじゃ、スケート場で、館林さんを待つか。）;(I'll wait for Tatebayashi-san at the skating rink then.)
<PNAME>;（それじゃ、海で、館林さんを待つか。）;(I'll wait for Tatebayashi-san at the beach then.)
<PNAME>;（それじゃ、海で、館林さんを待つか。）;(I'll wait for Tatebayashi-san at the beach then.)
<PNAME>;（それじゃ、スキー場で、館林さんを待つか。）;(I'll wait for Tatebayashi-san at the ski resort then.)
<PNAME>;（それじゃ、スキー場で、館林さんを待つか。）;(I'll wait for Tatebayashi-san at the ski resort then.)
<PNAME>;（それじゃ、神社で、館林さんを待つか。）;(I'll wait for Tatebayashi-san at the shrine then.)
<PNAME>;（それじゃ、神社で、館林さんを待つか。）;(I'll wait for Tatebayashi-san at the shrine then.)
<PNAME>;『<DATE>に、近所の公園へ行かない？;Would you like to go to the park on <DATE>?
<PNAME>;『近所の公園の前で待ち合わせでいい？;Can we meet up in front of the park?
<PNAME>;『それじゃ、<DATE>に、近所の公園の前で待ち合わせということで。;So, I'll meet you in front of the park on <DATE>.
<PNAME>;『<DATE>に、きらめき中央公園へ行かない？;Would you like to go to Kirameki Central Park on <DATE>?
<PNAME>;『きらめき中央公園の前で待ち合わせでいい？;Can we meet up in front of Kirameki Central Park?
<PNAME>;『それじゃ、<DATE>に、きらめき中央公園の前で待ち合わせということで。;So, I'll meet you in front of Kirameki Central Park on <DATE>.
<PNAME>;『<DATE>に、ショッピング街へ行かない？;Would you like to go to the shopping district on <DATE>?
<PNAME>;『ショッピング街の前で待ち合わせでいい？;Can we meet up in front of the shopping district?
<PNAME>;『それじゃ、<DATE>に、ショッピング街の前で待ち合わせということで。;So, I'll meet you in front of the shopping district on <DATE>.
<PNAME>;『<DATE>に、水族館へ行かない？;Would you like to go to the aquarium on <DATE>?
<PNAME>;『水族館の前で待ち合わせでいい？;Can we meet up in front of the aquarium?
<PNAME>;『それじゃ、<DATE>に、水族館の前で待ち合わせということで。;So, I'll meet you in front of the aquarium on <DATE>.
<PNAME>;『<DATE>に、動物園へ行かない？;Would you like to go to the zoo on <DATE>?
<PNAME>;『動物園の前で待ち合わせでいい？;Can we meet up in front of the zoo?
<PNAME>;『それじゃ、<DATE>に、動物園の前で待ち合わせということで。;So, I'll meet you in front of the zoo on <DATE>.
<PNAME>;『<DATE>に、植物園へ行かない？;Would you like to go to the botanical garden on <DATE>?
<PNAME>;『植物園の前で待ち合わせでいい？;Can we meet up in front of the botanical garden?
<PNAME>;『それじゃ、<DATE>に、植物園の前で待ち合わせということで。;So, I'll meet you in front of the botanical garden on <DATE>.
<PNAME>;『<DATE>に、プラネタリウムへ行かない？;Would you like to go to the planetarium on <DATE>?
<PNAME>;『プラネタリウムの前で待ち合わせでいい？;Can we meet up in front of the planetarium?
<PNAME>;『それじゃ、<DATE>に、プラネタリウムの前で待ち合わせということで。;So, I'll meet you in front of the planetarium on <DATE>.
<PNAME>;『<DATE>に、美術館へ行かない？;Would you like to go to the museum on <DATE>?
<PNAME>;『美術館の前で待ち合わせでいい？;Can we meet up in front of the museum?
<PNAME>;『それじゃ、<DATE>に、美術館の前で待ち合わせということで。;So, I'll meet you in front of the museum on <DATE>.
<PNAME>;『<DATE>に、図書館へ行かない？;Would you like to go to the library on <DATE>?
<PNAME>;『図書館の前で待ち合わせでいい？;Can we meet up in front of the library?
<PNAME>;『それじゃ、<DATE>に、図書館の前で待ち合わせということで。;So, I'll meet you in front of the library on <DATE>.
<PNAME>;『<DATE>に、ゲームセンターへ行かない？;Would you like to go to the arcade on <DATE>?
<PNAME>;『ゲームセンターの前で待ち合わせでいい？;Can we meet up in front of the arcade?
<PNAME>;『それじゃ、<DATE>に、ゲームセンターの前で待ち合わせということで。;So, I'll meet you in front of the arcade on <DATE>.
<PNAME>;『<DATE>に、ボーリング場へ行かない？;Would you like to go to the bowling alley on <DATE>?
<PNAME>;『ボーリング場の前で待ち合わせでいい？;Can we meet up in front of the bowling alley?
<PNAME>;『それじゃ、<DATE>に、ボーリング場の前で待ち合わせということで。;So, I'll meet you in front of the bowling alley on <DATE>.
<PNAME>;『<DATE>に、カラオケ屋へ行かない？;Would you like to go to the karaoke club on <DATE>?
<PNAME>;『カラオケ屋の前で待ち合わせでいい？;Can we meet up in front of the karaoke club?
<PNAME>;『それじゃ、<DATE>に、カラオケ屋の前で待ち合わせということで。;So, I'll meet you in front of the karaoke club on <DATE>.
<PNAME>;『<DATE>に、遊園地へ行かない？;Would you like to go to the amusement park on <DATE>?
<PNAME>;『遊園地の前で待ち合わせでいい？;Can we meet up in front of the amusement park?
<PNAME>;『それじゃ、<DATE>に、遊園地の前で待ち合わせということで。;So, I'll meet you in front of the amusement park on <DATE>.
<PNAME>;『<DATE>に、スタジアムへ行かない？;Would you like to go to the stadium on <DATE>?
<PNAME>;『スタジアムの前で待ち合わせでいい？;Can we meet up in front of the stadium?
<PNAME>;『それじゃ、<DATE>に、スタジアムの前で待ち合わせということで。;So, I'll meet you in front of the stadium on <DATE>.
<PNAME>;『<DATE>に、映画館へ行かない？;Would you like to go to the movie theater on <DATE>?
<PNAME>;『映画館の前で待ち合わせでいい？;Can we meet up in front of the movie theater?
<PNAME>;『それじゃ、<DATE>に、映画館の前で待ち合わせということで。;So, I'll meet you in front of the movie theater on <DATE>.
<PNAME>;『<DATE>に、コンサート会場へ行かない？;Would you like to go to the concert hall on <DATE>?
<PNAME>;『コンサート会場の前で待ち合わせでいい？;Can we meet up in front of the concert hall?
<PNAME>;『それじゃ、<DATE>に、コンサート会場の前で待ち合わせということで。;So, I'll meet you in front of the concert hall on <DATE>.
<PNAME>;『<DATE>に、プールへ行かない？;Would you like to go to the pool on <DATE>?
<PNAME>;『プールの前で待ち合わせでいい？;Can we meet up in front of the pool?
<PNAME>;『それじゃ、<DATE>に、プールの前で待ち合わせということで。;So, I'll meet you in front of the pool on <DATE>.
<PNAME>;『<DATE>に、スケート場へ行かない？;Would you like to go to the skating rink on <DATE>?
<PNAME>;『スケート場の前で待ち合わせでいい？;Can we meet up in front of the skating rink?
<PNAME>;『それじゃ、<DATE>に、スケート場の前で待ち合わせということで。;So, I'll meet you in front of the skating rink on <DATE>.
<PNAME>;『<DATE>に、海へ行かない？;Would you like to go to the beach on <DATE>?
<PNAME>;『海の前で待ち合わせでいい？;Can we meet up in front of the beach?
<PNAME>;『それじゃ、<DATE>に、海の前で待ち合わせということで。;So, I'll meet you in front of the beach on <DATE>.
<PNAME>;『<DATE>に、スキー場へ行かない？;Would you like to go to the ski resort on <DATE>?
<PNAME>;『スキー場の前で待ち合わせでいい？;Can we meet up in front of the ski resort?
<PNAME>;『それじゃ、<DATE>に、スキー場の前で待ち合わせということで。;So, I'll meet you in front of the ski resort on <DATE>.
<PNAME>;『<DATE>に、神社へ行かない？;Would you like to go to the shrine on <DATE>?
<PNAME>;『神社の前で待ち合わせでいい？;Can we meet up in front of the shrine?
<PNAME>;『それじゃ、<DATE>に、神社の前で待ち合わせということで。;So, I'll meet you in front of the shrine on <DATE>.
<PNAME>;『最高の気分だぜ。密かに想っている、藤崎詩織と同じ学校に入学できたんだから。;I'm feeling great. See, the girl I've secretly admired, Shiori Fujisaki, is also going to this school.
<PNAME>;『実は⋯。彼女とは小学校からの幼なじみで、家も隣りどうしなんだけれど⋯;Truth is... We've been friends since elementary school, and we live right next to each other, but...
<PNAME>;『俺と比べて、月とスッポン。だから、いまだに友達以上の関係には⋯。;Compared to her, it's like night and day. So, we're still just friends...
Yoshio;「よう。何しけた面してんだよ。;Hey, why the long face?
<PNAME>;『あ、あぁ⋯。別に⋯。（なれなれしい奴だなぁ⋯。）;A-ah... It's nothing... (He's so overfamiliar...)
Yoshio;「俺、早乙女好雄。これからよろしくな。お前は何ていうんだ？;I'm Yoshio Saotome. Nice to meet you. What's your name?
<PNAME>;『俺は、<PNAME> <PSURNAME>。こっちこそよろしくな。;I'm <PNAME> <PSURNAME>. Nice to meet you, too.
Girl A;「あっ、来たわよ。;Ah, he’s here!
Girl B;「素敵～。;So cool~
Yoshio;「何だ？急に女子が騒ぎだしたぞ。;What? Why are the girls making a fuss all of a sudden?
Ijuin;「やあ、諸君。待たせたね。;Hello, everyone. Sorry to keep you waiting.
Ijuin;「この僕の事を知らない者はいないと思うが⋯。僕が理事長の孫の伊集院レイだ。;I think everyone here knows who I am... I'm Rei Ijuin, the chairman's grandson.
Ijuin;「同じクラスの男性諸君には悪いが⋯。ま、仲良くやっていこうじゃないか。;I feel bad for the boys in the class... Well, let's get along anyways.
Yoshio;「伊集院って、あの金持ちのか⋯。嫌なクラスになっちまったなぁ。;Ijuin, that rich kid... This class sucks.
<PNAME>;『そ、そうだな⋯。;Y-Yeah...
<PNAME>;（あっ、次は詩織の、自己紹介みたいだ。）;(Ah, it looks like Shiori is going to introduce herself next.)
Fujisaki;「みなさんはじめまして。名前は藤崎詩織です。;Nice to meet you all. My name is Shiori Fujisaki.
Fujisaki;「趣味は音楽鑑賞で、クラシックとかを良く聴きます。みなさんこれから、よろしくお願いします。;My hobby is listening to music, especially classical. I look forward to getting along with everyone.
Yoshio;「か、かわいいー。藤崎詩織ちゃんか⋯。このクラスでよかったぜ。;Sh-she’s so cute... Shiori Fujisaki... I'm glad she's in our class.
<PNAME>;（さっきは、嫌だって言ってたくせに⋯。）;(Weren't you just complaining about this class...?)
Yoshio;「あっ、今、お前の事見たぜ。あの娘知ってるのか？;Hey, I saw her looking at you. Do you know her?
<PNAME>;『知ってるも何も、俺の幼なじみだよ。;Of course I know her. She's my childhood friend.
Yoshio;「へぇ、そうなのか⋯。じゃあ、彼女の誕生日は？;Oh, really... So, when's her birthday?
<PNAME>;『<SHIORI_BIRTHDAY>。;<SHIORI_BIRTHDAY>.
Yoshio;「血液型は？;What's her blood type?
<PNAME>;『Ｏ型。;Type O.
Yoshio;「趣味は？;What're her hobbies?
<PNAME>;『音楽鑑賞って、言ってたじゃないか。;Didn't she just say it was listening to music?
Yoshio;「あっ、そうか。スリーサイズは？;Oh, right. What's her measurements?
<PNAME>;『そんなの知るかよ。;How would I know that?
Yoshio;「よし、チェックだ。チェック。;Alright, check. Check.
<PNAME>;『お、お前⋯。そのメモ帳、女の子の事ばっかりじゃないか⋯。;Y-you... That notebook of yours is all about girls, isn't it...
Yoshio;「ま、女の子の事で、知りたいことがあったら、俺に連絡しな。力になるぜ。;Well, if you want to know anything about the girls, just ask me. I'll help you out.
<PNAME>;『そ、そうか⋯。ありがとう。;R-really... Thanks.
Yoshio;「それよりも。お前、この高校の伝説知ってるか？;By the way, do you know the legend of this high school?
<PNAME>;『伝説？何それ？;Legend? What's that?
Yoshio;「ほら、そこの窓から、でっかい木が見えるだろ。;Look, you can see that big tree from the window, right?
<PNAME>;『ん？あぁ。;Huh? Oh, yeah.
Yoshio;「あの木の下で、女の子に告白されると、永遠に幸せな関係になれるんだってよ。;They say if a girl confesses to you under that tree, you'll be happy together forever.
<PNAME>;『へぇ、そんな伝説があるのか⋯。;Wow, there's a legend like that...?
Yoshio;「誰が言ったかしらねぇが、うらやましい話だな。;I don't know who started it, but it's a nice story, huh?
<PNAME>;『伝説か⋯。そうだな、俺なら⋯;A legend, huh... If it were me...
<PNAME>;『こうして、不安と期待の高校生活が始まった⋯。;And so, my high school life full of anxiety and expectations began...
<PNAME>;（明日から何をしようかな？）;(What should I do starting tomorrow?)
none;システム設定を変更します;Change System Settings
<PNAME>;（今日は何をしようかな？）;(What should I do today?)
<PNAME>;『絵は、心が休まるぜ。（くーつ、しびれるセリフ。）;Art soothes the soul. (Ah, what a touching line.)
<PNAME>;『絵は、心が休まるぜ。（くーっ、しびれるセリフ。）;Art soothes the soul. (Ah, what a touching line.)
Katagiri;「ビューティフル、素敵な絵ね。;That's a wonderful drawing! In English, they'd call it "Beautiful!"
<PNAME>;『あ、ありがとう。;Ah, thank you.
Katagiri;「そんなに上手なんだから、美術部に入部すればいいのに⋯。;With drawings that good, you should join the art club...
<PNAME>;『絵は、たまに描くぐらいが、健康にいいんだよ。;Drawing every once in a while is good for your health.
Katagiri;「へえ⋯絵ってたまに描くと健康にいいんだ。;Oh... so drawing every once in a while is good for your health, huh?
<PNAME>;『そう、手のつぼを刺激されてこう⋯。違うって。;Yes, it stimulates the pressure points in your hand... I'm kidding.
Katagiri;「あはははは⋯。私、片桐彩子って言うの。あなたは⋯？;Hahaha... I'm Ayako Katagiri. And you are...?
<PNAME>;『あ、俺、<PNAME> <PSURNAME>。;Ah, I'm <PNAME> <PSURNAME>.
Katagiri;「気が向いたら美術室に遊びに来てよ。歓迎するわよ。;If you feel like it, come visit the art room. You're welcome anytime.
<PNAME>;『ああ、気が向いたらね。;Yeah, if I feel like it.
Katagiri;「それじゃ、また。;See you later, then.
<PNAME>;『面白い奴⋯。;She seemed like an interesting person...
none;「入部する部活を選択してください;Please choose which club to join.
none;「美術部に入部した。;You joined the art club.
Katagiri;「あっ、<PNAME>君ウェルカム。ようこそ美術部へ。;Oh, welcome <PNAME>. Welcome to the art club.
<PNAME>;『片桐さん。これからよろしく。;Katagiri-san. Looking forward to working with you.
Katagiri;「こちらこそ。よろしくね。;Likewise. Looking forward to it.
<PNAME>;（放課後だ。あー眠いなぁ。）;(Class is over. Ah, I'm so sleepy...)
none;ドン;*THUD*
Schoolgirl;「あっ、ごめんなさい。;Ah, sorry.
<PNAME>;『いや、いい⋯。;No, it's fine...
Schoolgirl;「あー、映画に遅れるぅ。;Ah, I'm going to be late for the movie!
<PNAME>;『何だろ、今の娘？;Who was that girl?
<PNAME>;（あー、今日も疲れたな。急いで、家に帰ろう。）;(Ah, I'm so tired today. Let's hurry home.)
<PNAME>;（あっ、詩織がいるぞ。）;(Oh, Shiori is here.)
<PNAME>;『おーい、詩織。;Hey, Shiori.
Fujisaki;「あっ、<PSURNAME>君。今帰り？;Oh, <PSURNAME>-kun. Heading home?
Fujisaki;「―緒に帰って、友達に噂とかされると、恥ずかしいし⋯。;It would be embarrassing if we walked home together, and our friends started rumors about us...
<PNAME>;『そ、そうだね。それじゃあ、お先に。;Y-Yeah, you're right. See you then.
Fujisaki;「ごめんね。さよなら。;I'm sorry. Goodbye.
<PNAME>;（しょうがない。―人で帰るか。）;(Oh well, I’ll walk home alone.)
Fujisaki;「さよなら。;Goodbye.
<PNAME>;『今日は体育祭だ。どの競技に参加しようかな？;Today's the sports festival. Which event should I join?
<PNAME>;（今週は、バッチリ、予定どおりだぜ。;This week went perfectly according to plan.
<PNAME>;『ありがとう。;Thank you.
<PNAME>;（よし、ますますやる気が出てきたぞ。）;(Alright, I'm even more motivated now.)
Katagiri;「今日も頑張って、ワンダフルな絵を描きましょう。;Let's work hard today and make a "wonderful" piece of art.
<PNAME>;『うん、頑張ろう。;Yeah, let's do our best.
<PNAME>;（誰に電話かけようかな？）;(Who should I call?)
none;Ｔｒｒｒｒ⋯;Trrrr...
none;Ｔｒｒｒｒ;Trrrr...
none;Ｔｒｒｒｒ＂;Trrrr...
Yoshio;「ハイ、早乙女です。;Hi, this is Saotome.
<PNAME>;『もしもし、<PNAME>ですけど。;Hello, this is <PNAME>.
Yoshio;「おっ、<PSURNAME>か。良くかけて来てくれたな。;Oh, it’s <PSURNAME>. I'm glad you called.
<PNAME>;『女の子の事なら任せておけって、言ってたよな⋯。;You said you'd help if I wanted to know about the girls at school... right...?
Yoshio;「もちろん。何について聞きたいんだ？;Of course. What do you want to know?
<PNAME>;『女の子達が、俺をどう思ってるか知りたいんだ。;I want to know what the girls think of me.
Yoshio;「評価か⋯。ちょっと待ってくれよ。;What they think of you, huh... Hang on a sec.
Yoshio;「女の子の、お前に対する評価は⋯。;The girls' opinion of you is...
Yoshio;「こんなとこだな。;Something like this.
<PNAME>;（女の子の情報でも聞いてみようかな）;(Maybe I’ll ask for some specific info on one of the girls.)
Yoshio;「あぁ、いいぜ。ちょっと待ってくれよ。;Ah, okay. Hold on a second.
Yoshio;「片桐、片桐‥‥と。;Katagiri, Katagiri... ah.
Yoshio;「あったあった。耳かっぽじってよく聞けよ。;Found it! Open your ears and listen carefully.
Yoshio;「って、とこだな。;That's pretty much it.
<PNAME>;『サンキュー。いつも悪いな。;Thanks! Sorry to bother you all the time.
Yoshio;「なーに、いいってことよ。女の子の情報なら俺に任せてくれよ。;No problem! When it comes to info on the girls, just leave it to me.
none;ガチャ;*gacha*
<PNAME>;（さて、昼飯だ。早く学食に行かないと⋯。）;Alright, it's lunch time. I better get to the cafeteria quick...
Nijino;「<PSURNAME>君。;<PSURNAME>-kun.
<PNAME>;『あっ、虹野さん。;Oh, Nijino-san.
Nijino;「お昼ご飯どうするの？;What are you planning to do for lunch?
<PNAME>;『これから、学食に行こうと思って。;I was just thinking about heading to the cafeteria.
Nijino;「それなら、―緒にお弁当食べない？;In that case, would you like to have a bento together?
<PNAME>;『えっ、お弁当？;Oh, a bento?
Nijino;「この前喜んでもらえたから、つい⋯。迷惑だった？;You seemed to like it last time, so... was it a bother?
<PNAME>;『い、いや、全然。虹野さんの料理なら、いつでも大歓迎だよ。;No, not at all. If it's your cooking, Nijino-san, I'm always eager.
Nijino;「良かった⋯。今日は天気もいいから、外で―緒に食べない？;I'm glad... The weather is nice today, so do you want to eat outside together?
<PNAME>;『別にいいよ。じゃあ、中庭に行こうか。;Sure, why not. Shall we go to the courtyard then?
Nijino;「うん。行きましょう。;Yes, let's go.
Nijino;「はい、どうぞ。味の保証はしないけど⋯。;Here you go. I'm not sure how well it tastes, so...
<PNAME>;『それじゃ、遠慮しないで、いただきます。;Well then, I'll dig in. Thanks for the food!
Nijino;「うふふ、おいしい？;Hehe, is it good?
<PNAME>;『モグモグ、すごくおいしいよ。モグモグ。;*munch* Mph, it's really tasty! *munch*
Nijino;「良かった⋯。;I'm glad...
<PNAME>;『こんなおいしい手作りのお弁当が食べれて俺は幸せ者だ。;I'm a lucky guy to be able to eat such a delicious homemade bento.
Saotome;「ハイ、早乙女です。;Hi, this is Saotome.
Saotome;「あっ、<PNAME>さん。優美に、何か用。;Oh, <PNAME>-san. Did you need something from Yumi?
none;デートする日を選んで下さい;Select the day for the date.
none;デートする場所を選んで下さい;Select the place for the date.
Saotome;「うん、いいよ。;Sure, that's fine.
Saotome;「うん、分かった。約束破ったら、針千本飲ますからね。;Yup, got it. If you don't show up, I'll make you swallow a thousand needles.
<PNAME>;『ははは⋯、忘れないよ。それじゃ、好雄によろしく。;Haha… I won't forget. Alright, tell Yoshio I said hi.
none;Shiori;*name of a character*
<PNAME>;『６月１日。;June 1st.
<PNAME>;『Ａ型。;Type A.
none;今月／来月の予定と実績;Plans and achievements for this month/next month.
<PNAME>;『詩織のことについて知りたいんだけど。;I want to know more about Shiori.
Yoshio;「藤崎、藤崎‥‥と。;Fujisaki, Fujisaki... ah.
<PNAME>;（ああ、読書は楽しいなあ。なんて、俺って勉強家なんだろう。）;(Ah, reading is nice. I'm feeling quite studious.)
Kisaragi;「あの⋯。;Um...
Kisaragi;「ハンカチが落ちてますよ。;You've dropped your handkerchief.
<PNAME>;『え⋯。あ、ありがとう。いつの間に落ちたんだろう。;Eh...? Oh, thank you. When did I drop that...?
Kisaragi;「クスッ⋯。随分、熱心に読んでいたのですね。;Hehe... You were really absorbed in your reading.
<PNAME>;『ほら、僕って好きなことに熱中するタイプだから。ははは⋯。;Well, I'm the type who gets really engrossed in things I like. Haha...
Kisaragi;「私も本を読みだすと、すぐ熱中してしまうんですよ。;I also get quite engrossed when I start reading a book.
<PNAME>;『へー、そうなんだ。;Oh, really?
Kisaragi;「あっ、もう行かなきゃ。;Ah, I have to go now.
<PNAME>;『あ、俺⋯。<PNAME> <PSURNAME>っていいます。ハンカチありがとう。;Oh, I'm <PNAME> <PSURNAME>. Thanks for the handkerchief.
Kisaragi;「どういたしまして⋯。私、如月未緒といいます。また、今度お話しましょう。;You're welcome... I'm Mio Kisaragi. Let's talk again sometime.
<PNAME>;『如月未緒さんか⋯。結構、可愛かったな。;Mio Kisaragi, huh... She was pretty cute.
<PNAME>;『いたっ。;Ow-
Mysterious Woman;「あっ、ごめんなさい。;Ah, I'm sorry.
<PNAME>;『い、いや。別にいいよ。;N-no, It's fine.
Mysterious Woman;「本当に、ごめんなさい。それじゃ⋯。;I'm really sorry. Well then...
<PNAME>;『変な髪型。;What a strange hairstyle...
Katagiri;「私も絵が好きで、たまに描いてるんだ。;I also like art. I even paint once in a while.
<PNAME>;『へぇ、今度見せてよ。;Oh, you should show me sometime.
Katagiri;「駄目よ。私の絵は、人に見せると動きだすのよ。;Nope! My drawings start running when people see them.
<PNAME>;『それを、俺が縄で捕まえると⋯。俺は、―休さんか？;Then I'll catch them in rope! Like... Ikkyu-san?
Katagiri;「あはははは⋯。私、片桐彩子。あなたは？;Ahahaha... I'm Ayako Katagiri. And you are?
Katagiri;「絵の事は考えておくわ。今度また、絵の話をしようよ。それじゃ。;I'll think about the drawings. Let's talk about them next time. See ya!
<PNAME>;『あっ、逃げた。片桐彩子、侮れん奴だ。;Ah, she ran away. Ayako Katagiri, quite a girl.
<PNAME>;『あっ、今日は詩織の誕生日じゃないか。;Oh, isn't today Shiori's birthday?
<PNAME>;（プレゼントとか、どうしようかな？）;(What should I do about a present?)
<PNAME>;（何をプレゼントしようかな？;(What should I get her?)
<PNAME>;『よし、クラシックのＣＤを、プレゼントしよう。;Alright, I'll give her a classical CD.
<PNAME>;『あっ、詩織！;Oh, Shiori!
Fujisaki;「あら、<PSURNAME>君。;Oh, <PSURNAME>-kun.
Fujisaki;「あら、<PSURNAME>君。どうしたの？;Oh, <PSURNAME>-kun. What is it?
<PNAME>;『はい、誕生日のプレゼント。;Here, I got you a birthday present.
Fujisaki;「ありがとう。開けてもいいかな？;Thank you. Can I open it?
<PNAME>;『いいよ、開けても。どう？;Yeah, go ahead. Do you like it?
Fujisaki;「これ、前から欲しかったの。ずっと、大切にするね。;I've wanted this for a long time. I'll cherish it forever.
<PNAME>;（あんなに喜んでくれるなんてプレゼントして良かったな。;(I'm glad I gave her the present, she's so happy.)
<PNAME>;『よし、フォークダンスだ。バッチリ、きめてやるぞ。;Alright, it's time for the folk dance. Let's do this.
none;．．;...
none;．．．;....
Katagiri;「ハ～イ。こんどは、あなたとね。;"Hi~!" Looks like we're together this time.
Kisaragi;「よろしくお願いします。;Hello.
<PNAME>;『よし、次は、詩織とだ。;Alright, next is with Shiori.
Fujisaki;「よろしくね。;Hello.
<PNAME>;『フォークダンスも捨てたもんじゃないな。;Folk dancing isn't so bad.
<PNAME>;（きらめき中央公園か。）;(Kirameki Central Park, huh?)
<PNAME>;『好雄君は、いらっしゃいますか？;Is Yoshio-kun home?
Saotome;「あっ、お兄ちゃんですね。ちょっと待ってて下さい。おにーちゃーん、電話ー！;Oh, you need my big brother, right? Wait just a moment. Big brother, someone's calling you!
<PNAME>;『何だその残念そうな声は。俺からじゃ不満か？;What's with that disappointed voice? Not happy it's me?
Yoshio;「あたりまえのこと聞くなよ。ところでどうしたんだ今日は？;Don't ask when the answer's obvious. So, what d'ya need today?
Fujisaki;「趣味は音楽鑑賞で、クラシックとかを良く聴きます。みなさんこれから、;My hobby is listening to music, especially classical. I look forward to getting along with everyone.
<PNAME>;『２月１４日。;February 14th.
Katagiri;「あっ、<PNAME>君;Oh, <PNAME>-kun.
Katagiri;「ハ～イ、片桐です。;"Hi~!" It's Katagiri.
Katagiri;「あら、<PNAME>君。どうしたの？;Oh, <PNAME>-kun. What's up?
Katagiri;「ちょっと待って⋯。ＯＫ。いいわよ。;Wait a moment... OK. Sounds good.
Katagiri;「オーアイシー、分かったわ。それじゃあ、切るわよ。;"Oh, I see." Got it. Then, I'll hang up now.
<PNAME>;『待った？;Did I keep you waiting?
Katagiri;「グッドタイミング。私も今来たところよ。;"Good timing!" I just got here too.
<PNAME>;『遅れなくてよかった。;Glad I wasn't late.
Katagiri;「それじゃ、どこに買い物に行く？;So, where should we go shopping?
Katagiri;「ＯＫ。じゃあ、行きましょう。;OK. Let's go then.
Katagiri;「ソーリー、ごめんね。もうちょっと見てきてもいいかな？;"Sorry!" Mind if I look around a bit longer?
Katagiri;「サンキューありがとう。嬉しいわ。;"Thank you!" I'm happy you don't mind.
<PNAME>;（わりと良い印象を与えたみたいだぞ。）;(Looks like I left a pretty good impression.)
Katagiri;「ソー、ファン。とっても楽しかったわね。また今度誘ってね。;"Soooo fun!" I had a great time. Take me out again!
<PNAME>;『また今度連絡するよ。;I'll call you again sometime.
Katagiri;「それじゃ、帰りましょう。<PNAME>君。;Alright then, let's head home, <PNAME>.
<PNAME>;（明日からテストだ）;(Exams start tomorrow.)
<PNAME>;（今日は、試験結果の発表の日だ。）;(Today they announce the exam scores.)
<PNAME>;（今回の試験は終了した。）;(This round of exams is over.)
<PNAME>;『まだ片桐さんは、来ていないようだな。;It seems Katagiri-san hasn't arrived yet.
<PNAME>;『もう少し、待ってみるか。;Should I wait a little longer?
Katagiri;「ソーリー、ごめんね。ちょっと、手間取っちゃったのよ。;"Sorry!" I got a bit tied up.
<PNAME>;『いや、今来たところだから、気にしなくていいよ。;No, I just got here. Don't worry about it.
Katagiri;「はぁ、それにしても今日は暑いわね。;Ha, it's really hot today, isn't it?
<PNAME>;『そうだね。すごく暑いね。;Yeah, it's really hot.
Katagiri;「それじゃ、中に入りましょうか？;Should we go inside then?
<PNAME>;『そうだね。中に入ろうか。;Yeah, let's go inside.
Katagiri;「動物って、いるだけで絵になると思わない？;Don't you think animals make great subjects for paintings, even if they're just standing there?
Katagiri;「そうね。躍動感溢れるほうが、素敵な絵になるわね。;I agree. The more dynamic the subject, the more beautiful the painting.
<PNAME>;（バッチリ、良い印象を与えたみたいだぞ。）;(Looks like I left the perfect impression!)
<PNAME>;（明日から夏休みだ）;(Summer vacation starts tomorrow.)
<PNAME>;（明日から夏合宿だ）;(Summer training camp begins tomorrow.)
<PNAME>;（合宿所に着いたぞ。）;(We've arrived at the camp.)
Katagiri;「あっ、<PNAME>君。昨日描いてた絵ね、さっき見せてもらったわ。;Hey, <PNAME>! I just saw the painting you were working on yesterday.
<PNAME>;『ど、どうだった？何かいいアドバイスはないかな？;H-how was it? Got any feedback?
Katagiri;「もう少し、陰影に気を付けて描いた方がベターね。;It would be "better" if you paid a bit more attention to the shadows and highlights.
<PNAME>;『陰影に気を付けてかぁ⋯。よし頑張ってみるか。;Pay more attention to shadows and highlights... Alright, I'll try my best.
Katagiri;「私ね、それだけは自信あるのよ。良かったら参考にして。;That's one thing I'm confident about. Feel free to use it as a reference.
<PNAME>;『ありがとう。参考にさせてもらうよ。;Thank you. I'll use it as a reference.
Katagiri;「それじゃ、ネバーギブアップよ。頑張ってね。;Alright, "Never Give Up!" Keep up the good work.
<PNAME>;（ふぅ⋯。今日で合宿も終わりだ。）;(Phew... The training camp ends today.)
none;シャァァァ⋯⋯;Shaaaa...
<PNAME>;（ん！？お風呂に誰か入ってるみたいだぞ）;(Hm!? It looks like someone's in the bath.)
none;（どれがいいかな。）;(Which one should I pick...)
<PNAME>;『ぎょぇぇぇ～！;Gyaaah!
Man;「おう、お前も入るか？;Hey, you wanna join?
<PNAME>;『え、遠慮しときます。;N-no, I'll pass.
<PNAME>;（はぁ、ひどい目にあったぜ）;(Ha, what a terrible experience.)
none;ぷるるるるる;(Ring.... Ring....)
<PNAME>;『あっ、電話だ。珍しいな⋯。;Ah, the phone. That's rare...
<PNAME>;『はい、<PNAME>です。;Hello, it's <PNAME>.
Yoshio;「あっ、好雄だけど。今暇か？;Hey, it's Yoshio. Are you free right now?
<PNAME>;『何だ、好雄か⋯。あぁ、暇だよ。;Oh, Yoshio... Yeah, I'm free.
Yoshio;「それじゃあさ、今から遊園地に来てくれよ。;Then can you come to the amusement park right now?
<PNAME>;『何で俺がお前なんかと遊園地に行かなきゃならないんだ？;Why do I have to go to the amusement park with you?
Yoshio;「まあ、いいじゃないか。待ってるからな。;Ah, come on. I'll be waiting.
<PNAME>;『何て、強引な奴だ。しょうがない、行ってやるか。;What a pushy guy. Guess I have no choice but to go.
<PNAME>;『はぁ⋯。やっと着いたよ。さあ、中に入るか。;Haa... Finally arrived. Let's go inside.
Yoshio;「お、やっと来たな。;Oh, you finally came.
<PNAME>;『好雄、お前なぁ、こんな所まで呼んで⋯。あれ？詩織に片桐さん。;Yoshio, you called me all the way here... Huh? Shiori and Katagiri-san..?
Fujisaki;「こんにちは。;Hello.
Katagiri;「ハーイ。こんにちは。<PNAME>君。;"Hi~!" Hello, <PNAME>.
Yoshio;「来て、良かっただろう？感謝しろよ。;Glad you came along now, huh? Thank me later.
Yoshio;「それじゃ、大観覧車に乗ろうぜ。;Alright then, let's ride the Ferris wheel!
Yoshio;「お前、どっちの娘と乗る？;Who are you going to ride with?
Katagiri;「さあ、乗りましょうよ。;Come on, let's ride!
Katagiri;「素晴らしい、眺めだったわね。;That was a wonderful view, wasn't it?
Yoshio;「次は、ジェットコースターに乗ろうぜ。;Next, let's ride the roller coaster!
Katagiri;「カモンレッツゴー。さあ、乗りましょう。;"Come on, let's go!" Alright, let's ride.
Katagiri;「あー、すごい楽しかったわね。;Ah, that was so much fun!
Yoshio;「次は、ゴーストハウスに入ろうぜ。;Next, let's go into the haunted house!
Katagiri;「ちょっと、怖かったわね。;That was a bit scary, right?
Yoshio;「もう、終わりか⋯？さて、帰るか。;Day's over already...? Well, should we head home?
Fujisaki;「今日は、楽しかったわ。それじゃ二人ともさよなら。;Today was fun. Alright, goodbye to both of you.
Katagiri;「今日は、楽しかったわ。グッバイエブリバディ、さよなら。;Today was fun. "Goodbye everybody!"
<PNAME>;『そろそろ、俺達も帰ろうぜ。;It's about time we head back too.
Yoshio;「それじゃ、帰るか。;Alright, let's go.
Katagiri;「たまには、こういう所でのんびりするのもいいわね。;It's nice to relax in a place like this once in a while.
none;何の話をしようかな？;What should I talk about?
<PNAME>;（何やら妖しげな本を買う根性がない、ということを聞き出した。）;（I heard that he doesn't have the guts to buy some suspicious-looking book.）
<PNAME>;（明日から新学期だ）;（The new term starts from tomorrow.）
<PNAME>;（放課後だ。今日も疲れたなぁ。）;（School's over. I'm tired today too...）
Schoolgirl;「あっ、ごめん⋯。;Ah, sorry...
<PNAME>;『また、君か⋯。;You again...
Schoolgirl;「あー、コンサートに間に合わないよぉ。;Ah, I won't make it to the concert on time.
<PNAME>;『何だよ、あの娘、二度も⋯。;What's with that girl? Twice, now...
Ijuin;「伊集院だが。;This is Ijuin.
<PNAME>;『もしもし、<PNAME> <PSURNAME>ですけど。;Hello, this is <PNAME> <PSURNAME>.
Ijuin;「何だ君か、何のようだね。;Oh, it's you. What do you want?
Ijuin;「あいにく僕は、君のような暇人じゃないんだ。それじゃあ、失礼するよ。;Unfortunately, my schedule is not as open as yours. Now, goodbye.
<PNAME>;『相変わらず、憎たらしい奴。;Still as detestable as ever.
<PNAME>;『やや、こんな所に本が落ちてるぞ。;Hey, someone dropped a book here.
<PNAME>;（難しそうな、本だなあ。―体、誰の忘れ物だろう。）;（It looks like a difficult book... Whose is it?）
Kisaragi;「この辺りに、本が落ちていなかったでしょうか？;Did you happen to see a book dropped around here?
<PNAME>;『あ、これのこと？;Ah, you mean this?
Kisaragi;「そうです！良かった、見つかって⋯。;Yes! I'm so glad you found it...
<PNAME>;『随分、難しい本、読んでるんだね。;You're reading an awfully difficult book, huh.
Kisaragi;「ご、ごめんなさい⋯。すごく大事な本だったので。私、如月未緒といいます。;I-I'm sorry... It's a very important book to me. My name is Mio Kisaragi.
Kisaragi;「<PNAME>さん。本当に、ありがとうございました。;Thank you so much, <PNAME>.
<PNAME>;『いえ、どういたしまして。今度、またお話したいな。;No problem at all. I'd like to talk again sometime.
Kisaragi;「こちらこそぜひ。あっ、もう行かなきゃ。;Of course, I'd like that too. Ah, I need to get going.
Katagiri;「あちゃー。その日は、ちょっと約束があるのよ。;Whoops, I already have plans on that day.
<PNAME>;『あらー、そうなんだ⋯。;Oh, I see...
Katagiri;「悪いんだけど、また今度誘ってくんない？ごめんね。;I'm sorry, but could you ask me out another time? Sorry.
<PNAME>;『うん、そうするよ。じゃあ、また。;Yeah, I'll do that. See you.
<PNAME>;（くそ、次こそ絶対誘ってみせるぜ。）;（Damn, I'll definitely ask her out next time.）
Yoshio;「如月、如月‥‥と。;Kisaragi, Kisaragi... ah.
Katagiri;「すごく賑やかね。;It's very lively.
<PNAME>;『浴衣がすごく似合うね。可愛いよ。;You look great in a yukata. Really cute.
Katagiri;「ソーグラッド、嬉しいわ。;"I'm so glad!" Thank you.
<PNAME>;『それじゃあ、金魚すくいでもしようか？;So, should we try catching goldfish then?
Katagiri;「ノーサンキュー。私はいいから、あなたやってみて。;"No, thank you." I'm good, so you try it.
<PNAME>;『はい、片桐さんにあげるよ。;Here, I'll give it to you.
Katagiri;「オーサンキュー、ありがとう嬉しいわ。;"Oh, thank you!" I'm so happy!
<PNAME>;（怪我をしてしまった）;(I got injured.)
none;「美術部を退部した。;I quit the art club.
none;「吹奏楽部に入部した。;I joined the brass band.
Katagiri;「あっ、<PNAME>君。吹奏楽部はどう？;Oh, <PNAME>-kun. How's the brass band?
<PNAME>;『吹奏楽部に入ったのはいいけど、何からやっていいのか⋯。;Joining has been fine, but I don't know what to do from there...
Katagiri;「とりあえず、楽譜は読めるようになった？;For now, can you read sheet music?
<PNAME>;『それが、まだなんだ。片桐さんに教えてもらおうかな。;Not yet. Maybe I should ask you to teach me.
Katagiri;「いいけど、私の教え方は、厳しいわよ。;Fine, but my way of teaching is strict.
<PNAME>;『ムチで叩くとか。;Like whipping me?
Katagiri;「そう。女王様とお呼び⋯って、そんな事しないよん。;Yes. Call me Queen... just kidding, I wouldn't do that.
<PNAME>;『ま、とりあえず、優しく教えてね。;Well, for now, just go easy on me.
Katagiri;「そうね。今迄で―番厳しく教えてあげる。;Alright. I'll teach you more strictly than ever before!
<PNAME>;『何だこれ？ 悪趣味だな。もしかして、伊集院のか？金持ちのやる事はわからん。;What is this? Poor taste. Could it be Ijuin's? I don't get what rich people do.
<PNAME>;（美術館ができたのか。）;(A museum has been built.)
<PNAME>;（おや？留守番電話に、メッセージが入っているみたいだ。聞いてみるか。）;(Oh? There seems to be a message on the answering machine. Should I play it?)
Tatebayashi;「もしもし、館林です。;Hello, this is Tatebayashi.
<PNAME>;『えっ？誰だ？;Huh? Who is it?
<PNAME>;『なんだ、この電話は？;What is this phone call?
Yoshio;「はい、早乙女です。;Yes, this is Saotome.
Katagiri;「ザッツグレイト。素晴らしい絵ね。;"That's great!" It's a wonderful painting.
Katagiri;「私は、いいと思うわよ。;I think it's good.
<PNAME>;（あまり良い印象を持たれなかったかな。）;(Maybe I didn't leave a very good impression.)
Katagiri;「ソー、タイアード。今日はちょっと疲れちゃった。;"Sooo tired." I'm a bit exhausted today.
<PNAME>;『そ、そう⋯。;I-I see...
<PNAME>;（放課後だ。なんか嫌な予感。）;(School's over. I have a bad feeling...)
<PNAME>;『いいかげんに⋯。;Enough already...
Schoolgirl;「あー、約束の時間に間に合わないよぉ。;Ah, I won't make it on time!
<PNAME>;『―体、なんなんだよ！新手の当たり屋か？;What the hell is this!? Some new type of extortion?
Katagiri;「創造意欲のわく季節の到来ね。;The season of creative inspiration has arrived.
<PNAME>;『食べ物のおいしい季節でも、あるよね。;It's also the season when the food is delicious.
Katagiri;「あっ、もう開演時間よ。早く中に入りましょうよ。;Ah, it's already time for the show. Hurry, let's get inside.
<PNAME>;『そうだね。早く入ろう。;Yeah, let's go.
Katagiri;「私達の座席は、どこ？;Where are our seats?
<PNAME>;『ほら、片桐さん、こっちこっち。;Here, Katagiri-san, over here.
<PNAME>;（茶毛＆明日は、国際的人気のロックンローラーだ。）;(Chamo & Asu are popular international rock 'n' roll stars.)
none;『コンサート、つまらなかったね？』『コンサート、良かったね？』『コンサート、まあまあだったね？』;The concert was boring, wasn't it? The concert was good, wasn't it? The concert was so-so, wasn't it?
Katagiri;「それほどでも、無いと思うわ。;I didn't think it was that good.
<PNAME>;『よし、ベレー帽を、プレゼントしよう。;Alright, I'll give her a beret.
<PNAME>;『あっ、片桐さん！;Ah, Katagiri-san!
Katagiri;「ハーイ、<PNAME>君。何か用？;"Hi", <PNAME>-kun. Do you need something?
<PNAME>;『今日、誕生日だよね。はい、プレゼント。;It's your birthday today, right? Here, I got you a present.
Katagiri;「リアリー、本当に？開けてもいいでしょ？;"Really!?" Can I open it?
Katagiri;「あら、素敵じゃない。ありがたく、いただくわね。;Oh, it's lovely! I'm very grateful.
<PNAME>;（まあまあ、喜んでもらえたなこんなもんかな⋯。）;(Well, it looks like she liked it. Maybe this is good enough...)
Katagiri;「ねぇ、これわりとよくない？;Hey, isn't this pretty good?
Katagiri;「サンキュー、ありがとう。すごく嬉しいわ。;"Thank you!" I'm really happy.
Manager;「明日から文化祭の準備をする。クラブに参加するように！;We will start preparing for the cultural festival tomorrow. Come join us!
<PNAME>;（文化祭の出展の準備をしなきゃ。）;I have to prepare for the cultural festival exhibit.
<PNAME>;（文化祭に向けて部活をせねば）;I must do club activities for the cultural festival.
<PNAME>;『今日は、文化祭だ。;Today is the cultural festival.
<PNAME>;『吹奏楽部は、体育館でゲーム音楽の演奏だ。早く、準備しなきゃ。;The brass band will perform game music in the gym. I better get ready quickly.
Katagiri;「ハーイ、;"Hi!"
Katagiri;「ハーイ、調子はどう？;"Hi!" How are you feeling?
<PNAME>;『最悪、もう緊張しちゃって⋯。;Terrible, I'm already so nervous...
Katagiri;「なに柄にもないこと言ってんのよ。おかしいわねぇ。;That's out of character for you. It's strange.
<PNAME>;『柄にもないって⋯。俺って結構、傷つきやすいのになぁ⋯。;Out of character... You know, I'm actually pretty fragile...
Katagiri;「ほら、早く準備しなきゃ。始まっちゃうわよ。;Come on, you need to get ready. It's about to start.
Katagiri;「ノーグッド、良くなかったわ。特に、えーと？;"No good", that was not good. Especially, um...?
<PNAME>;『グラディウス？;Gradius?
Katagiri;「あっ、そうそうそれ。ゲームの音楽なんでしょう？あれがよくなかったわ。;Ah, yes, that. It's game music, right? That one wasn't good.
<PNAME>;『俺の好きな曲だったんだけどなぁ。;It was my favorite song though.
Katagiri;「どんな曲でもこなせるように、もっと練習しなくっちゃね。;You have to practice more so you can handle any song.
<PNAME>;（こうして、文化祭は、終了した。）;(And so, the cultural festival ended.)
<PNAME>;（怪我が治った）;(The injury healed.)
Katagiri;「あっ、あそこが空いてるみたいね。;Ah, it looks like that place is open.
<PNAME>;（フォレスとガンプは、人間のひたむきさをとらえたラブロマンスだ。）;Forrest and Gump is a romance film that captures human sincerity.
none;「只今の上映を持ちまして、本日の上映を終了いたします。;With the end of this screening, today's screenings are over.
Katagiri;「そう？私は、笑えるのが好きだな。;Really? I prefer funny movies.
<PNAME>;（悪い印象を与えちゃったかな。）;(Maybe I left a bad impression...)
<PNAME>;（あっ、片桐さんがいるぞ。）;(Oh, there's Katagiri-san.)
<PNAME>;『おーい、片桐さん。;Hey, Katagiri-san!
Katagiri;「あっ、<PNAME>君今帰りなの？;Oh, <PNAME>-kun, are you heading home now?
Katagiri;「そうね。別にいいわよ。;Sure, that's fine.
<PNAME>;『それじゃあ、帰ろう。;Alright, let's go.
<PNAME>;（俺は、片桐さんと、楽しく下校した。）;(I enjoyed walking home with Katagiri-san.)
Katagiri;「今日も練習頑張りましょう。;Let's do our best in practice today too.
Katagiri;「あら、ＤＵＭＭＹ。どうしたの？;Oh, DUMMY. What's wrong?
Katagiri;「それじゃ、帰りましょう。ＤＵＭＭＹ。;Then, let's go home, DUMMY.
<PNAME>;『えっ？前にもあったな。;Huh? This happened before.
Tatebayashi;「明日までの宿題やった？出来てたら、連絡ちょうだい。;Did you do the homework for tomorrow? If you did, please let me know.
<PNAME>;『俺は、出来てないぞ。;I haven't done it.
<PNAME>;『あれ、この前もぶつかったよね。;Hey, we bumped into each other before.
Mysterious Woman;「えっ、そうかな？でも、忘れちゃった。それじゃ⋯。;Huh, really? But I completely forgot. Well then...
<PNAME>;『やっぱり、あの娘だよ。;As I thought, it's that girl.
<PNAME>;『待;Wait
Katagiri;「ふぅぅ⋯それにしても、今日は寒いわね。;Phew... but it's really cold today.
<PNAME>;『本当、寒いね。;Yeah, it's cold.
Katagiri;「それじゃ、ちょっと歩きましょうか？;So, wanna walk for a bit?
<PNAME>;『今日は、並木道の方に行こうよ。;Let's go to the tree-lined path today.
Katagiri;「ＯＫ、いいわよ。;OK, sure.
Katagiri;「こういう道をお散歩するのつて、気分爽快ね。;Walking down a path like this feels refreshing.
Katagiri;「こういう道をお散歩するのって、気分爽快ね。;Walking down a path like this feels refreshing.
Katagiri;「ふぁー、眠くなってきちゃった。;Yaaawn, I'm getting sleepy...
<PNAME>;（まぁ、こんなもんだろう。）;(Well, I guess this is fine.)
Katagiri;「ソー、ファン。今日は楽しかったわね。また今度誘ってね。;"So fun!" I enjoyed today. Take me out again sometime!
<PNAME>;（今日は伊集院の家で、クリスマスパーティだ。会場に行こうかな）;(Today is the Christmas party at Ijuin's house. Guess I should head there?)
<PNAME>;『伊集院の家に着いたぞ。いつ見てもでけぇなぁ。;(Made it to Ijuin's house. I never get used to how huge it looks.)
Sotoi;「レイ様のお友達で、いらっしゃいますか？;Are you a friend of Rei-sama?
<PNAME>;『友達かどうかは知らないけどクラスメートだよ。;I don't know about friends, but we're classmates.
Sotoi;「結構です。どうぞお入りください。;Very well. Please, come in.
<PNAME>;『おっ、今始まるところだな。;Oh, it's just about to start.
Ijuin;「皆さん。我が伊集院家が誇る、クリスマスパーティーにようこそ。;Everyone, allow me to welcome you to the Ijuin family's pride and joy, the Christmas party.
Ijuin;「皆さん。我が伊集院家が誇る、クリスマスパーティーにようこそ。日頃の現実を忘れて、今日は大いに楽しんで行ってください。;Everyone, allow me to welcome you to the Christmas party, the Ijuin family's pride and joy. Please, forget life's mundanities and enjoy yourselves!
<PNAME>;『相変わらず、すかした野郎だぜ。;He's still as pompous as ever...
Ijuin;「何か言ったかね。;Did you say something?
<PNAME>;『げ、伊集院。お前いつの間に⋯。;Gah, Ijuin... When did you...?
Ijuin;「君にお前呼ばわりされる筋合いは無いがね⋯。ま、今日は特別だ、許してやろうじゃないか。;You have no right to refer to me so bluntly... But just for today, I'll let it slide.
<PNAME>;『別に、許さなくてもいいよ⋯。;Well, I wouldn't care if you did mind...
Ijuin;「それにしても、よくそのかっこでここに入れたものだ。;Nevermind that, I’m surprised you got in here dressed like that.
<PNAME>;『余計なお世話だ。;That's none of your business.
Ijuin;「外井に来年は、もっと厳しくするように言わなければな⋯。;I guess I'll have to tell the doorman to be stricter next year...
<PNAME>;『‥‥‥‥。（人の話を全然聞いてねえ。）;...... (He's totally not listening.)
Ijuin;「せっかく来たんだ、庶民には味わえない、超豪華高級料理でも、食べていってくれたまえ。;Since you're here, please enjoy some ultra-luxurious high-class dishes that commoners can't taste.
Ijuin;「せっかく来たんだ、庶民には味わえない、超豪華高級料理でも、食べていってくれたまえ。はーっはっはっはっ。では、失礼するよ。;Since you're here, please enjoy some ultra-luxurious high-class dishes tcommoners can't taste. Hahaha. Well, excuse me.
<PNAME>;『本当に嫌なやつ⋯。;He's really an unpleasant guy...
Fujisaki;「あっ、<PSURNAME>君。あなたも招待されてたのね。;Oh, <PSURNAME>-kun. You were invited too.
<PNAME>;『詩織もいたのか。;Shiori, you're here too?
none;しばらく詩織と話し込んだ;(I talked with Shiori for a while.)
Fujisaki;「友達がいるから、そろそろ行くね。;I have to get back to my friends, so I’m going to go now.
<PNAME>;『それじゃ、また。;Alright, see you later.
Kisaragi;「あっ、<PNAME>さん招待されてたんですね。;Oh, <PNAME>-san, you were invited too.
<PNAME>;『如月さんも、来てたのか。;Kisaragi-san, you came too?
Kisaragi;「私、挨拶したい人がいますので、ちょっと失礼します。;There are people I want to greet, so if you’ll excuse me.
Katagiri;「メリークリスマス。あなたも招待されてたのね。;"Merry Christmas!" You were invited too.
<PNAME>;『片桐さんもいたのか。;Katagiri-san, you're here too?
Katagiri;「あっソーリー、ごめんなさい。お友達が待ってるの。そろそろ行くわね。;Ah, "sorry!" My friends are waiting for me. I'll be going now.
none;プレゼント交換の時間です。好きなものを選んで下さい。;It's time for the gift exchange. Please choose what you like.
<PNAME>;（どれにしようかな。）;(Which one should I pick?)
none;如月さんのプレゼントだ！ゲーテの詩集か⋯彼女らしいな。;It's Kisaragi-san's gift! A collection of Goethe’s poems... that's so like her.
<PNAME>;（今日は来てよかったな。さて帰るか。）;(I'm glad I came today. Well, time to go home.)
<PNAME>;（明日から冬休みだ）;(Winter break starts tomorrow.)
none;「ピ～ンポ～ン;(Ding dong...)
<PNAME>;（ん？誰だろう）;(Huh? I wonder who it is.)
Delivery;「年賀状でーす。;New Year's card delivery.
<PNAME>;（やった！片桐さんから、年賀状をもらったラッキー。;(Yes! I got a New Year's card from Katagiri-san. Lucky!)
<PNAME>;『さて、これからどうするかな。;Now, what should I do next?
<PNAME>;『それじゃあ、誰を誘おうかな。;Alright, who should I invite?
<PNAME>;『よし、それじゃあ片桐さんの家に電話してみるか。;Alright, I'll call Katagiri-san's house.
none;プルルルルルル;(Ring... Ring...)
Katagiri;「はい、片桐です。;Hello, this is Katagiri.
<PNAME>;『新年明けまして、おめでとうございます。<PNAME>ですけれども。;Happy New Year! This is <PNAME>.
Katagiri;「<PNAME>。アハッピーニューイヤー。明けまして、おめでとう。;<PNAME>, "Happy New Year!"
<PNAME>;『片桐さん。今、暇かな？;Katagiri-san, are you free right now?
Katagiri;「うん、暇よ。;Yes, I am.
<PNAME>;『それじゃあ、これから初詣に行かない？;Then, why don't we go to the shrine together?
Katagiri;「アイシー。わかったわ。すぐに行くわ。;"I see!" Understood. I'll go right away.
<PNAME>;『それじゃ。;Alright.
<PNAME>;『それじゃ、神社に行くか。;Well then, guess I'll head to the shrine.
<PNAME>;『まだ、片桐さんは来てないみたいだな。;It seems Katagiri-san hasn't arrived yet.
Katagiri;「ソーリー。お待たせー。;"Sorry!" I've kept you waiting...
<PNAME>;『それじゃあ、早速お参りに行こうか。;Well then, let's hurry to the shrine.
Katagiri;「それじゃ、レッツゴー。;Okay, "Let's go!"
<PNAME>;（何をお願いしようかな。）;(What should I wish for?)
<PNAME>;（誰との事を祈願しようかな。）;(Whose love should I pray for?)
<PNAME>;（神様、何とぞ片桐さんと今以上に仲良くなれますように。）;(God, please help me grow even closer with Katagiri-san.)
God;（その願い、かなえてしんぜよう。）;(I shall grant that wish...)
<PNAME>;（ん？その気になってきたぞ。）;(Hmm? I'm starting to feel it.)
Katagiri;「ねぇ、何お願いしたの？教えてよ。;Hey, what did you wish for? Tell me.
<PNAME>;『ひ、秘密だよ。片桐さんは？;I-it's a secret. What about you, Katagiri-san?
Katagiri;「私は素敵な恋人ができますようにって、お願いしたわ。だから、教えなさいよ。;I wished for a wonderful lover. So, tell me yours!
<PNAME>;『それじゃあ、俺は健康祈願だよ。;Okay, I wished for good health.
Katagiri;「ふーん、そう。あっ、おみくじあるわよ。引きに行きましょう。;Hmm, I see. Oh, there's omikuji. Let's go draw one.
<PNAME>;『あぁ、いいよ。行こうか。;Sounds good, let's go.
<PNAME>;（さて、今年の運勢は⋯。）;(Now, let's see this year's fortune...)
none;おみくじを引きます。;(Drawing a fortune slip.)
none;うおりゃあああ～．．．;Uoryaaaaaa...
none;こ、これは！！;Th-this is-!!
none;おっ、吉だ。;Oh, it's Good Luck.
<PNAME>;（まぁ、こんなもんだな。）;Well, I guess that's about right.
Katagiri;「ねぇ、どうだった？;So, how'd yours turn out?
<PNAME>;『はい、見ていいよ。;Here, you can look at it.
Katagiri;「あら、惜しかったわね。;Oh, that's unfortunate.
<PNAME>;『何が惜しいって？片桐さんのはどうだったの？;What's unfortunate? What about yours, Katagiri-san?
Katagiri;「当然、大吉よ。日頃の行いがいいから。;Of course, it's Great Blessing. Thanks to my good behavior~
<PNAME>;『今年全部の運をここで使いきつただけだよ。;You just used up all your luck for the year here.
<PNAME>;『今年全部の運をここで使いきっただけだよ。;You just used up all your luck for the year here.
Katagiri;「そんなことないわ。神様はちゃんと見てるって事よ。;That's not true. It means that God is seriously watching over me!
<PNAME>;『きっと、神様は片桐さんにだまされてるんだ⋯。;Surely, God is being deceived by Katagiri-san...
Katagiri;「何を言っても、負け犬の遠吠えよ。;No matter what you say, all I hear is the cry of a loser.
<PNAME>;『‥‥‥‥。（くそ、悔しいぜ。）;...... (Damn, so frustrating.)
Katagiri;「今年もいい年になるといいわね。;I hope this year will be a good one too.
<PNAME>;『そうだね。それじゃあ、帰ろうか？;Yeah. So, wanna head home?
Katagiri;「そうね。帰りましょう。;Yeah, let's go home.
<PNAME>;（水族館があるのか。そういえば、システムファイルを作るとアルバムのデータ管理が楽になるらしいぞ）;(An aquarium, huh? That reminds me, they say saving system files makes album data management easier.)
Katagiri;「あっ、ＤＵＭＭＹ今帰りなの？;Oh, DUMMY, you're heading home now?
<PNAME>;『よし、ゲーテの詩集を、プレゼントしよう。;Alright, I'll give her Goethe's poetry collection as a present.
<PNAME>;『あっ、如月さん！;Ah, Kisaragi-san!
Kisaragi;「<PNAME>さん。何か御用？;<PNAME>-san. Do you need something?
Kisaragi;「ありがとうございます。開けても、いいですか？;Thank you. May I... open it?
Kisaragi;「こんなに素敵なものを⋯。―生、大事にします。;Such a wonderful gift... I'll cherish it for a lifetime.
<PNAME>;（最近女の子の間で変な噂が流れているらしい⋯);(There seem to be strange rumors going around among the girls lately...)
Katagiri;「それじゃ、中に入りましょう。;So, wanna head inside?
<PNAME>;『そうだね。;Yeah, let's.
Katagiri;「それじゃ、どこに行こうか？;So, where should we go?
Katagiri;「わりと怖かったわね。;That was pretty scary, wasn't it?
Katagiri;「えーっ、そんな台詞よく言えるわね。でも、あなたがいてくれて、良かったわ。;Wow, can you really say that? But, I'm glad you were there.
Ijuin;「やぁ、おはよう。;Hey, good morning.
<PNAME>;『何だよ、伊集院。;What is it, Ijuin?
Ijuin;「今日はバレンタインだね。君にはかなわないが、僕も少々もらったよ。;Today is Valentine's Day. My haul can't compare with yours, but I got some chocolates too.
<PNAME>;『そうかよ。良かったな。;Really? Good for you.
Ijuin;「ほら見たまえ。まだあの程度さ。;See for yourself. It's still only a little bit.
<PNAME>;『‥‥‥‥。;......
Ijuin;「そんな事はないだろうが、帰りに鞄が空いていたら、言ってくれたまえ。;I doubt it could happen, but... if you end up with nothing, just let me know.
<PNAME>;『何でだよ。;Why?
Ijuin;「僕のをほんの少しだけ分けてあげるよ。それじゃあ、また。はーっ、はっはっはっ⋯。;I'll share a little bit of mine with you. Anyways, see you later. Hahahaha~
<PNAME>;『‥‥‥‥‥‥。;......
Fujisaki;「あっ、<PSURNAME>君。はい、チョコレート。;Ah, <PSURNAME>-kun. Here, take a chocolate.
<PNAME>;『あ、ありがとう。（小さいな、これは義理かな⋯。）;Th-thanks. (It's small, so it's probably just obligatory...)
Katagiri;「あっ、;Ah,
Katagiri;「あっ、ＤＵＭＭＹ。はい、義理チョコよ。;Ah, DUMMY. Here, have some obligatory chocolate.
<PNAME>;『あ、ありがとう。（何も、はっきり言わなくても⋯。）;Th-thanks. (You don't have to put it so bluntly...)
Kisaragi;「これ、チョコレートです。どうぞ。;Please, have a chocolate.
<PNAME>;『あ、ありがとう。（これは義理かな⋯。）;Th-thanks. (This must be obligatory...)
<PNAME>;（まぁ、このぐらい貰えれば、いいほうかな。）;(Well, I guess it wasn't a bad haul.)
none;そして⋯;And then...
Katagiri;「あっ、そういえば、もうすぐテストね。しっかり勉強してる？;Ah, that reminds me, there's a test coming up soon. Have you been studying properly?
<PNAME>;『ぼちぼちかな⋯。;More or less...
Katagiri;「良かった。私もあんまり勉強してないのよね。;That's good! I haven't studied much either.
<PNAME>;『そ、そうなの。（良くはないと思うけど⋯。）;O-oh, really? (I don't think that's good, though...)
<PNAME>;（と、言うような事を話しながら下校した。）;(So, we walked home, talking about this and that.)
<PNAME>;（スタジアムができたのか。ん、フリーモードのアイコンＬ２を押してつかめるのか。;(They finished building the stadium? Hmm, "Press L2 to use free mode icon...")
Fujisaki;「ハイ、藤崎です。;Hi, it's Fujisaki.
Fujisaki;「え、<PSURNAME>君？！どうしたの今日は？;Eh, <PSURNAME>-kun?! What did you need?
Fujisaki;「えーとね⋯。うん、いいわよ。;Hmm... Yeah, sounds good.
Fujisaki;「うん、わかったわ。忘れないで来てね。;Yes, got it. Don't forget to come!
<PNAME>;『忘れるわけないよ。じゃあ、また。;As if I'd forget. See you.
Fujisaki;「そうね。お隣同士だし、―緒に帰りましょうか。;Sure. Since we're neighbors, why not walk home together?
Fujisaki;「あっ、そう言えば、もうすぐテストね。しっかり勉強してる？;Ah, that reminds me, there's a test coming up soon. Have you been studying properly?
Fujisaki;「それじゃ頑張らなくちゃね。;Then you have to work harder.
<PNAME>;『そ、そうだね。;Y-yeah...
<PNAME>;（今日は、詩織とデートだ）;(Today is the date with Shiori.)
<PNAME>;（どこで、待ち合わせだったかな？）;(Where are we meeting again?)
Mysterious Woman;「ごめーん。待った？;Sorry! Did I keep you waiting?
<PNAME>;『えっ？;Eh?
Mysterious Woman;「あっ⋯。ごめんなさい。人違いでした。;Ah... Sorry. I thought you were someone else.
<PNAME>;『あの娘、学校でもぶつかってくるよな⋯。;That's the girl who bumps into me at school...
Fujisaki;「私も今来たところよ。;I just got here too.
Fujisaki;「それじゃ、散歩でもしましょう。;Well then, let's go for a walk.
Fujisaki;「うん、行きましょう。;Yeah, let's go.
Fujisaki;「今日は天気が良くて気持ちがいいから、芝生にでも座らない？;Since the weather's so nice today, wanna sit down on the grass?
<PNAME>;『いいよ。;Sure.
Fujisaki;「あっ、そういえば、この公園じゃない？;Ah, that reminds me, isn't this the park?
<PNAME>;『何が？;What is?
Fujisaki;「ほら、昔お父さんとお母さんに内緒で、遠くの公園に行ったことがあったじゃない。;Remember that time we went to a far-off park without telling our parents?
<PNAME>;『そんな事あったかなぁ。;We did?
Fujisaki;「あったわよ。よく覚えてるから。;Yes, we did. I remember so much about it.
<PNAME>;『例えば？;Like...?
Fujisaki;「例えばね、大きな池に落ちそうになったこととか⋯。;Like, when you almost fell into that huge pond...
<PNAME>;『池に？あっ、思い出した。それ、俺だ。;The pond? Oh, I remember now! Yeah... that was me.
Fujisaki;「そうよ。よく思い出したね。;That's right. See, you remember.
<PNAME>;『池に落ちそうになって知らないおじさんに助けてもらったんだよなぁ。あん時は死ぬかと思ったよ。あれ、そんとき詩織は？;I almost fell into the pond and a stranger saved me. I thought I was going to die... Where were you then, Shiori?
Fujisaki;「私は怖くて、見てた⋯と思う。;I was scared and just watching... I think.
<PNAME>;『助けてくれてもいいのに⋯。;You could have helped me...
Fujisaki;「もういいじゃない。懐かしい思い出よ。;Well, it's all okay now. It's just a nostalgic memory.
<PNAME>;『いまさらいいけどね。でも、本当に懐かしいね。;I guess there's no use fussing over it now. But, it really is nostalgic...
Fujisaki;「他にも色々あったよね。‥‥‥‥‥‥‥。;We had lots of other memories too...
Fujisaki;「今日はとても楽しかった。また今度誘ってね。;I had a great time today. Invite me again sometime.
Fujisaki;「それじゃ、帰りましょう。<PSURNAME>君。;Well then, let's go home, <PSURNAME>-kun.
Fujisaki;「そう言えば、もうすぐ春休みね。何か予定はあるの？;By the way, it's almost spring break. Do you have any plans?
<PNAME>;『んー？特に無いなぁ。詩織は？;Hmm? Not really. How about you, Shiori?
Fujisaki;「私も、特にないわね。;I don't have any plans either.
<PNAME>;『短い休みだからね。;It is a short break, after all.
Ijuin;「お互いホワイトデーは大変だね。;White Day is tough for both of us, huh?
Ijuin;「僕も朝から、家の者を使ってお返ししているが、とても今日中に配りきれそうにないよ。;I've been using my household staff to deliver gifts since this morning, but it doesn't seem like I'll finish by the end of the day.
Ijuin;「まさか、君はお返しをしない訳じゃないだろうね。;You're not planning to skip your return gifts, are you?
<PNAME>;『するに決まってんだろ。;Of course I'm not.
Ijuin;「ほう⋯。君にも返す相手がいたとは、意外だったよ。まぁ頑張りたまえ。;Oh... I didn't think you had anyone to return the favor to. Well, good luck.
<PNAME>;（気を取り直してバレンタインのお礼をしに、行くか。）;(Ugh, I gotta pull myself together and return the thanks from Valentine's Day...)
<PNAME>;（実は特別に１個だけ、奮発したんだよね。）;(Actually, I splurged on one special gift.)
<PNAME>;『さて、誰に特別のお返しをしようかな。;(So, who should I give it to?)
<PNAME>;（おっ、丁度いいところに片桐さんが来たぞ。）;(Oh, perfect timing! Katagiri-san is here.)
Katagiri;「ハーイ。何か用？;"Hi!" Need something?
<PNAME>;『はい、これ。バレンタインのお返し。;Yes, here. To say thanks for Valentine's.
Katagiri;「リアリー、本当に？嬉しいわ。;"Really?" For real? I'm so happy!
<PNAME>;（なんか喜んでくれたみたいだぞ。）;(Seems like she enjoyed it.)
Katagiri;「ううん。グッドタイミングよ。私も今来たところなの⋯。;Not at all, "Good timing!" I just got here too...
Katagiri;「今見てきた、イルカのショー。ワンダフルだったわね。;That dolphin show we just watched was "Wonderful!" Wasn't it?
Katagiri;「ミートゥ。私もそう思うわ。;"Me too!" I think so too.
<PNAME>;『あぁ、いいよ。また今度連絡するよ。;Yeah, sure. I'll call you again soon.
Katagiri;「さあ、帰りましょう。ＤＵＭＭＹ。;Alright, let's go home, DUMMY.
<PNAME>;『いいデートスポットを教えて欲しいんだ。;I want you to recommend a good date spot.
Yoshio;「悪いな。今は特に無いんだ。別の事なら教えてやれるぜ。;Sorry, I don't have any right now. I can help with other things though.
Katagiri;「ハーイ、ＤＵＭＭＹ。;Hi, DUMMY!
<PNAME>;『あっ、片桐さん。どうしたの？;Ah, Katagiri-san. What's up?
Katagiri;「ハッピーバースデー。はい、プレゼントよ。;"Happy Birthday!" Here's your present.
<PNAME>;『えっ、俺に？;Huh, for me?
Katagiri;「気に入ってもらえると思うけど。;I hope you'll like it.
<PNAME>;（片桐さんにプレゼントをもらえるなんて、おれは幸せ者だー！）;(Getting a gift from Katagiri-san... I'm so lucky!)
<PNAME>;（明日から春休みだ）;(Spring break starts tomorrow.)
Katagiri;「えっ、ＤＵＭＭＹ。わ、私に何か用？;Huh, DUMMY? D-Do you need something from me?
<PNAME>;『今日から、上級生だ。気を引き締めて、いこう。;Starting today, we're upperclassmen. It's time to focus.
?;「こんにちは！<PNAME>さん。;Hello, <PNAME>-san!
<PNAME>;『？？あれ、どこかで会ったことある？;Huh? Have we met somewhere before?
?;「さて、私は誰でしょう？;C'mon, who am I?
<PNAME>;（んー⋯。声は、聞いたことあるような⋯。）;(Hmm... I feel like I've heard this voice before...)
?;「ブーッ制限時間終了です。私は⋯。;Bzzzt! Time's up! I am...
Yoshio;「おい、優美。何やってたんだ？;Hey, Yumi. What are you doing?
?;「あっ、お兄ちゃん。;Ah, big brother!
Yoshio;「何だ、<PSURNAME>。;What is it, <PSURNAME>?
Yoshio;「―緒にいたのか。;Were you two hanging out together?
<PNAME>;『お兄ちゃんって、お前の妹か？;Big brother..? Is she your sister?
Yoshio;「そうだよ。あれ、お前に話してなかったっけ。;That's right. Didn't I tell you about her?
<PNAME>;『そんなの、聞いてないよ。（どうりで、声を聞いたことがあると思った。）;You never told me, but... (The phone! No wonder I recognized her voice.)
Yoshio;「今年から、うちの高校に通うことになってたんだ。;She's a freshman at our high school this year.
Saotome;「早乙女優美でーす。これから、よろしくね。先輩。;I'm Yumi Saotome. Nice to meet you, senpai.
Yoshio;「ほら帰るぞ。優美。;Come on, let's go home, Yumi.
Saotome;「ブー、わかったわよ。それじゃね、先輩。バイバーイ！;Boo! Fine... See you later, senpai. Bye-bye!
<PNAME>;（あいつの妹って、あんな娘だったのか⋯。うるさかったな⋯。）;(Is that really his sister? She was pretty noisy...)
Katagiri;「もう桜が咲いてるのね。;The cherry blossoms are already blooming.
<PNAME>;『よし、花見に行こう。;Alright, let's go see the cherry blossoms.
Katagiri;「オー、ザッツビューティフル。でも、散ってしまうのが残念ね。;"Oh, that's beautiful!" But it's a shame they'll fall soon.
Katagiri;「そうね。それ絵に無い美しさかもね。;Yes, it's a beauty you won't see in a painting.
<PNAME>;（あっ、優美ちゃんがいるぞ。;(Ah, there's Yumi-chan.)
<PNAME>;『おーい、優美ちゃん。;Hey, Yumi-chan!
Saotome;「あっ、<PNAME>さん今帰り？;Ah, <PNAME>-san, are you heading home now?
Saotome;「うん、いいですよ。―緒に帰ろ。;Sure, let's walk home together.
<PNAME>;（俺は、優美ちゃんと、楽しく下校した。）;(I had a pleasant walk home with Yumi-chan.)
Katagiri;「あっ、ＤＵＭＭＹ。;Ah, DUMMY.
<PNAME>;『片桐さん、どうしたの？;Katagiri-san, what's up?
Katagiri;「たまには、―緒に帰ろうと思って。;I thought we could walk home together for a change.
Katagiri;「それじゃ、帰りましょう。;Alright, let's head home.
<PNAME>;（俺は、詩織と、楽しく下校した。）;(I had a pleasant walk home with Shiori.)
Katagiri;「野球を見るのと、実際にプレイするのと、どっちが好き？;Do you prefer watching baseball or actually playing it?
Katagiri;「あっ、そうなの？実際にプレイするのは好きじゃないんだ。;Oh, really? I don't like playing it myself.
Katagiri;「今日は疲れちゃったけど、また今度誘ってね。;I'm worn out today, but you should invite me again sometime.
Katagiri;「ソーリー、ごめんなさい。ちょっと手間取っちゃったの。;"Sorry!" I apologize. I got a bit tied up.
Katagiri;「こういう所でお話するのつてわりと好きよ。;I quite enjoy talking in places like this.
Katagiri;「こういう所でお話するのってわりと好きよ。;I quite enjoy talking in places like this.
<PNAME>;（美術館が大好きということを聞き出した。）;(I found out she loves museums.)
<PNAME>;（植物園かあ。そういえば詩織夜に羊を数える癖があったなどこかで聞けたんだけど。）;(The botanical garden... Also, I heard somewhere that Shiori has a habit of counting sheep at night.)
Fujisaki;「そう言えば、もうすぐ体育祭ね。;Speaking of which, the sports festival is coming up soon.
Fujisaki;「お互いに頑張りましょうね。;Let's both do our best.
<PNAME>;『体調に気を付けなくちゃ。;Make sure to take care of yourself.
Katagiri;「うわぁ、素敵な絵がたくさんあるわね。;Wow, there are so many beautiful paintings.
Katagiri;「まったく、しょうがないわね。;Geez... well, it can't be helped.
Mysterious Woman;「あっ、ごめんなさい。また、ぶつかっちゃったね。;Oh, I'm sorry. We bumped into each other again.
<PNAME>;『おいおい。もう三回目だぜ。;Okay, come on. This is the third time.
<PNAME>;『いいかげんにしてくれよ。;Give me a break, will you?
Saotome;「さようならっ。;Goodbye.
Katagiri;「ねぇ、今度の日曜日、空いてる？;Hey, are you free this Sunday?
Katagiri;「リアリー、本当に？それじゃ、どうしようか？;"Really?" Are you sure? Then, what should we do?
Katagiri;「ＯＫ。それでいいわ。;"OK!" That sounds good.
<PNAME>;（今度の日曜日だな。忘れないようにしなくっちゃ。）;(This Sunday. I'd better not forget that.)
<PNAME>;『よし、次は、優美ちゃんとだ;Alright, next is with Yumi-chan.
Saotome;「<PNAME>さん。あれぇ、どうしてこっちにいるんですか？;<PNAME>-san! Huh, why are you over here?
<PNAME>;（優美ちゃん、列を間違えてるみたい。）;(Yumi-chan seems to be cutting in line...)
Katagiri;「オーザッツビューティフル。奇麗なお魚が、たくさんいるわね。;"Oh, that's beautiful!" There are so many pretty fish!
Katagiri;「イッツソーナイスな表現ね。私もそう思うわ。;"It's so nice," that expression. I think so too.
Katagiri;「今日は、付き合ってくれて、サンキュー、ありがとう。;Thanks for hanging out with me today! "Thank you!"
<PNAME>;『俺でよかったらいつでも付き合うよ。;Anytime, as long as you're fine with me.
<PNAME>;『優美ちゃんのことについて知りたいんだけど。;I want to know about Yumi-chan.
Yoshio;「何だ、お前。優美に気があるのか？;What're you...? Are you interested in Yumi?
<PNAME>;『い、いや。そう言う訳じゃないけど⋯。;N-no, it's not like that...
Yoshio;「別に隠さなくてもいいよ。へぇ、お前が優美をねぇ。よし、特別に教えてやろう。;You don't have to hide it. So, you're into Yumi, huh? Alright, since it's you, I'll tell you.
<PNAME>;『サンキュー。;Thanks.
Yoshio;「なんなら、俺が優美に言ってやろうか？;If you want, I can tell Yumi for you.
<PNAME>;『だから、そんなんじゃないって。;I said it's not like that...
Yoshio;「まぁ、いいか。じゃ、頑張れよ。;Well, fine. Good luck then.
Katagiri;「ザッツソービューティフル。奇麗なお花がたくさんあるわね。;"That's so beautiful!" There are so many pretty flowers!
Katagiri;「お花って、芸術よね。;Flowers are art, aren't they?
Saotome;「あーあ、やだなぁ。もうすぐテスト⋯。;Ah, this suuucks! Exams are coming too soon...
<PNAME>;『そういえば、そうだね。;Now that you mention it, they are.
Saotome;「もう、テストなんて受けたくない。;I really don't want to take the test...
<PNAME>;『でも、頑張るしかないね。;Well, we have no choice but to do our best.
Saotome;「それは、そうだけど⋯。;That's true, but...
<PNAME>;（あっ、如月さんがいるぞ。）;(Ah, Kisaragi-san is here.)
<PNAME>;『おーい、如月さん。;Hey, Kisaragi-san.
Kisaragi;「‥‥‥‥‥。;......
<PNAME>;『あれ、走って行っちゃった。;Huh? She ran off...
Kisaragi;「ハイ、如月です。;Yes, this is Kisaragi.
Kisaragi;「<PNAME>さん？今日は何の御用？;<PNAME>-san? What do you need today?
Kisaragi;「えーと⋯。はい、いいですよ。;Um... Yes, that's fine.
Kisaragi;「ええ、わかりました。;Yes, understood.
<PNAME>;『それじゃ、約束したよ。;So, it's a date.
Kisaragi;「私も、今来たところですから。;I just arrived as well.
Kisaragi;「それでは、中に入りましょうか？;Shall we go inside?
Kisaragi;「みんな、静かに勉強してますね。;Everyone is studying quietly.
Kisaragi;「そうですね。そうしましょう⋯。;Yes, let's do that...
Kisaragi;「今日はとても楽しかったですね。;Today was very fun.
<PNAME>;『今度、また誘ってもいいかな。;Can I ask you out again sometime?
Kisaragi;「はい、いいですよ。;Yes, that's fine.
<PNAME>;『それじゃあ、また連絡するよ。;I'll call you then.
Kisaragi;「<PNAME>さんそろそろ、帰りましょう。;<PNAME>-san, let's head back soon.
<PNAME>;『それじゃあ、射的でもしようか？;So, wanna play the shooting gallery?
Katagiri;「なかなか難しいんじゃない？;I don't know... looks pretty difficult, no?
<PNAME>;『取れたら片桐さんにあげるね;If I win, I'll give the prize to you, Katagiri-san.
Katagiri;「まあまあじゃない。;Well, that wasn't bad.
Katagiri;「あっ、<PNAME>。昨日の演奏、グッドだったわ。;Oh, <PNAME>. "Good job," on yesterday's performance!
<PNAME>;『そう？この頃、少しは自信が出てきたんだ。;Really? I've been feeling a bit more confident lately.
Katagiri;「もうソロパートも平気そうね。;You seem like you have the solo parts down by now.
<PNAME>;『とりあえずはね。ところでさ、国際吹奏楽コンテストに出場してみたくない？;For now, yeah. By the way, do you wanna try taking part in the International Brass Band Contest?
Katagiri;「できるなら、―緒に出てみたいわね。;If we could, I'd like to do it together.
<PNAME>;『まだ、俺達の実力じゃちょっと無理だと思うけど、頑張れば何とかなるよ。;I think it might be a bit too difficult for our skill level now, but if we give it our all, we'll manage.
Katagiri;「それじゃ頑張らなくっちゃ。;Then we gotta do our best!
<PNAME>;『お互いに頑張ろう。;Let's both do our best.
<PNAME>;『らっきー、生きててよかった。;Lucky! It's good to be alive!
girl;「きゃあぁ～！のぞきよ～！;Kyaa~! Peeping Tom!
none;バシャーン;(Splash!)
<PNAME>;（しまった。あまりの嬉しさに声を出してしまった。）;(Oops. I was so happy that I ended up shouting...)
Fujisaki;「こんにちは。<PSURNAME>君。;Hello, <PSURNAME>-kun.
Kisaragi;「こんにちは。<PNAME>さん。;Hello, <PNAME>-san.
Fujisaki;「さあ、乗りましょう。;Come on, let's get on.
Fujisaki;「いい眺めだったね。;That was a nice view, wasn't it?
Fujisaki;「私大好きなの。さあ、乗りましょう。;I love this one! Come on, let's get on.
Fujisaki;「すごく楽しかったね。;That was so much fun!
Kisaragi;「ちょっと怖いですね。;It seems a bit scary, doesn't it?
Kisaragi;「やっぱり怖かったです。;That was quite scary indeed...
Kisaragi;「今日は、楽しかったですね。それでは、失礼します。;Today was fun. Well then, goodbye.
Kisaragi;「あっ、<PNAME>さん;Ah, <PNAME>-san.
Kisaragi;「あっ、<PNAME>さん今帰りですか？;Ah, <PNAME>-san, are you going home now?
Kisaragi;「そうですね⋯。―緒に帰りましょう。;Yes... Let's walk home together.
Kisaragi;「そう言えば、もうすぐ修学旅行ですね。;Speaking of which, the school trip is coming up soon.
<PNAME>;『そうだね。（場所は忘れちゃったけど。）;That's right. (I forgot the destination though.)
<PNAME>;『うん、楽しみだね。;Yeah, I'm looking forward to it.
Katagiri;「私にも、このぐらいの才能があればなぁ。;If only I had this much talent...
Katagiri;「そ、そう？すごく嬉しいわ。;R-Really? You think so? Thank you so much!
<PNAME>;（明日から修学旅行だ）;(The school trip starts tomorrow.)
<PNAME>;『今日から修学旅行だ。あれ、そういえば⋯。行き先はどこだったっけ？;The school trip starts today. That reminds me... Where was the destination again?
<PNAME>;「そうだ、思い出したぞ。京都．奈良だ。;That's right, I remember now. Kyoto and Nara.
<PNAME>;「そうだ、思い出したぞ。京都．奈良だ。ビシッと、決めてやるぜ。;That's right, I remember now. Kyoto and Nara. I'll make it a perfect trip.
<PNAME>;『と、言う訳で、あっという間に、京都だ。;And so, in the blink of an eye, we're in Kyoto.
<PNAME>;（そして、１日目が終了した。;(The first day is over.)
<PNAME>;『今日は、団体行動の日だ。;Today we have group activities.
none;【団体行動中】;[During group activities]
<PNAME>;（２日目が終了した。なんかずっとバスの中にいたような気がする。）;(The second day is over. Somehow I feel like we were on the bus the whole time.)
<PNAME>;『今日は、京都で朝から、自由行動だ。;Today we have some free time in Kyoto.
Katagiri;「グッモーニン、おはよう、<PNAME>。;"Good morning!" Hi, <PNAME>.
<PNAME>;『あっ、片桐さん、おはよう。;Ah, Katagiri-san, good morning.
Katagiri;「ねえもしかして―人なの？;So hey, are you by yourself today?
<PNAME>;『ああ、そうだよ。;Yeah, I am.
Katagiri;「じゃあさ、私と―緒に行かない？;Then, mind if I join you?
Katagiri;「ホント！？じゃあすぐに行こうよ。;Really!? Then let's go right now!
<PNAME>;『お寺は広くて疲れるね。;This temple is huge, I'm getting tired...
Katagiri;「でも景色が素晴らしくて全然気にならないわ。;But the scenery is so wonderful that I don't mind it at all.
<PNAME>;『そろそろ、時間だし帰ろうか。;It's about time to head back.
Katagiri;「そうね、そろそろ帰りましょうか。;Yeah, let's go back soon.
<PNAME>;『良かったらさ、明後日の自由行動も―緒に行かないか？;If it's alright, would you like to spend the free day after tomorrow together as well?
Katagiri;「ＯＫいいわよ。また―緒に行きましょう。;OK, sounds good. Let's go together again.
<PNAME>;『じゃあ、ホテルのロビーで待ち合わせという事で。;Cool, we'll meet up in the hotel lobby.
<PNAME>;『よし、ヘアーバンドを、プレゼントしよう。;Alright, I’ll give her a hairband as a present.
<PNAME>;『あっ、丁度いい所に、詩織が現れたぞ。;Ah, Shiori appeared at just the right time.
<PNAME>;『詩織。;Shiori.
Fujisaki;「ありがとう。ねぇ、開けてもいい？;Thank you. So, can I open it?
<PNAME>;（そして、３日目が終了した。）;(And so, day three is over.)
<PNAME>;（４日目が終了した。明日は、自由行動だ。）;(Day four is over. Tomorrow is a free day.)
<PNAME>;『今日の自由行動は、この前の約束通り片桐さんと―緒だ。;Today I'm spending the free day with Katagiri-san like we planned.
<PNAME>;『遅いなぁ、まだ来ないのかなぁ。;She's taking awhile... I don't think she's arrived yet.
Katagiri;「ソーリー、ごめんなさい。準備に手間取っちゃって⋯。さあ行きましょう。;"Sorry!" I was busy getting ready... now, let's go!
<PNAME>;『あっ、土産屋だ。ちょっと見ていこうよ。;Oh, a souvenir shop. Let's take a look.
Katagiri;「ＯＫ、いいわよ。入りましょう。あ、あれは何かしら。;OK, sure. Let's go in. Oh, what is that?
<PNAME>;『あっ、鹿だ。;Oh, a deer.
<PNAME>;『はあ、はあ、はあ⋯。危なかった⋯。何とか逃げ切ったみたい。;Hah, haah, haaah... That was a close one... Looks like we managed to escape somehow.
Katagiri;「はぁ、はぁ、はぁ⋯。危なかったわね。もう駄目かと思っちゃった。;Hah, haah, haaah... I thought we were done for...
<PNAME>;『今日は、最終日。もうすぐ修学旅行も終わりだ。;Today is the last day. The school trip is almost over.
<PNAME>;『ああ、疲れた⋯。やっと着いたよ。修学旅行も終わりだ。;Ah, I'm tired... We finally made it back. The school trip is over.
<PNAME>;『楽しかったけど、ちょっと、心残りがあったなぁ。;It was fun, but I feel some regret...
<PNAME>;（ボーリングかあ。）;(Bowling, huh?)
Saotome;「<PNAME>さん？優美に、御用ですか？;<PNAME>さん？ Do you need something from Yumi?
<PNAME>;『優美ちゃんは、まだ来てないようだな。;It seems like Yumi-chan hasn't arrived yet.
<PNAME>;（優美ちゃん、遅いなあ。もしかして場所を間違えたかな。）;(Yumi-chan still hasn't made it... maybe I got the location wrong?)
<PNAME>;『ゲームセンターに行ってみよう。;Let's go to the arcade.
<PNAME>;『優美ちゃん、ごめんね。ちょっとした手違いで、遅くなっちゃった。;Yumi-chan, sorry. I got mixed up, so I arrived late.
Saotome;「ゆ、優美も、今来たところです。;N-no worries, Yumi just got here.
<PNAME>;『本当にごめんね。;I'm really sorry.
<PNAME>;（本当は、かなり待ってたみたいだぞ。;(In reality, it looks like she waited for a while.)
Saotome;「早く、入ろうよー。;Quickly, let's go inside!
Saotome;「優美、女の子だけどゲーセン好きなんだぁ。;Yumi likes arcades even though she's a girl.
Saotome;「そう言ってくれると、優美うれしいなぁ。;That makes Yumi so happy to hear!
Saotome;「すっごく、楽しかったです。また、誘ってくださいね。;That was a lot of fun! Please take me out again!
<PNAME>;『それじゃあ、今度、連絡するよ。;Alright, I'll call you sometime.
Saotome;「<PNAME>さん―緒に、帰りましょ。;Let's walk home together, <PNAME>.
<PNAME>;『帰ろう。;Let's head home.
Kisaragi;「そう言えば、もうすぐ文化祭ですね。;Speaking of which, the cultural festival is coming soon.
<PNAME>;『そう言えばそうだね。;Oh, that's right.
Kisaragi;「お互いに頑張りましょう。;Let's both do our best.
<PNAME>;（ＫＮＭ交響楽団は、今年も来ている交響楽団だ。;(KNM Orchestra came again this year.)
none;『コンサート、良かったね？』『コンサート、つまらなかったね？』『コンサート、まあまあだったね？』;'The concert was good, wasn't it?' 'The concert was boring, wasn't it?' 'The concert was so-so, wasn't it?'
Katagiri;「えーっ、そう？私はノリのいい曲の方が好きだわ。;Eh, really? I prefer songs with more rhythm.
<PNAME>;『よし、ガーギー画集輸入版を、プレゼントしよう。;Alright, I'll give her the Imported Gergi Artbook.
Katagiri;「えっ？私に、何か用？;Eh? Do you need something?
Katagiri;「えっ？私に？グラッド、嬉しい⋯。開けてもいい？;Eh? For me? "I'm so glad..." Can I open it?
Katagiri;「ワンダフル、素晴らしいわ。こんなもの貰えるなんて、思ってもみなかったわ。;"Wonderful!" It's splendid. I never thought I'd receive something like this!
Mysterious Woman;「あっ。また、ぶつかっちゃったね。;Oh, we bumped into each other again.
<PNAME>;『もう、いいよ。何度でも、ぶつかってくれ。;Alright, fine. You can bump into me as many times as you want.
Mysterious Woman;「そんな、投げやりな。ごめんね。それじゃ⋯。;I was just being careless, sorry. See you...
<PNAME>;『名前ぐらい教えてくれてもいいのに。;It wouldn't hurt to at least tell me your name...
<PNAME>;『吹奏楽部は、体育館でチャルメラの演奏だ。早く、準備しなきゃ。;The brass band is performing the charamela in the gymnasium. We need to prepare quickly.
none;片桐;Katagiri
Katagiri;「ハーイ。ねぇ、今回の曲どう思う？;"Hi!" So, what do you think of the piece?
<PNAME>;『えっ、チャルメラのこと？;Eh, you mean the charamela?
Katagiri;「そうよ。;That's right.
<PNAME>;『面白くていいんじゃない。何でそんな事聞くの？;It's interesting, but I like it. Why do you ask?
Katagiri;「うけ狙いで作ったんだけど、どんな印象持ってるのか、気になっちゃって⋯。;I was curious about what vibe it gives off. I wrote it to be catchy, but...
<PNAME>;『この曲、片桐さんが作ったんだ。へーっ。;You wrote this piece? Wow.
Katagiri;「どう、意外な才能でしょう。;Heh, are you shocked by my talent?
<PNAME>;『いつかは、何かをする女だと思ってたよ、俺は⋯。;I always thought you'd become someone who'd do something eventually⋯.
Katagiri;「なにそれ、犯罪者みたい。あっ、もう準備しなきゃ。じゃあ、ミスらないでよ。;What do you mean, like a criminal? Oh, I need to get ready. Don't mess up, okay?
<PNAME>;『わかってるって。;I know, I know.
Katagiri;「ブラボー、うまくいったじゃない。;"Bravo!" It went well, didn't it?
<PNAME>;『片桐さんの作った曲だから、みんな気合入ってたよ。;Everyone was psyched because you wrote it.
Katagiri;「本当、嬉しい。みんなありがとう。;That makes me really happy. Thank you everyone!
<PNAME>;『ちゃんとやらないと、後が怖いって。;If we hadn't done it properly, things would've gotten ugly...
Katagiri;「なによそれ⋯。もう、お礼なんて言わない。;What do you mean by that...? Ugh, I'm not thanking you anymore.
Saotome;「あっ、<PNAME>さん。;Ah, <PNAME>-san!
<PNAME>;『優美ちゃん、どうしたの？;Yumi-chan, what's up?
Saotome;「優美と、いっしょに帰りませんか？;Would you like to walk home together with Yumi?
Saotome;「やったーっ。それじゃ、いっしょに帰りましょう。;Yay! Then, let's go!
Katagiri;「ソーリー。私ね、そういうの読まないのよ。;"Sorry!" I don't read stuff like that.
<PNAME>;『詩織、どうしたの？;What is it, Shiori?
Fujisaki;「家もお隣同士だし、たまにはいっしょに帰ろうと思って⋯。;We're nextdoor neighbors, so I thought we could walk home together now and then...
Fujisaki;「それじゃ、帰りましょう。;Alright, let's go.
<PNAME>;『如月さん⋯。如月さん⋯。;Kisaragi-san... Kisaragi-san...
<PNAME>;（返事がないぞ⋯。）;(No response...)
<PNAME>;（駄目だ。本に熱中してて、声が聞こえないらしい。）;(It's no use. She seems too absorbed in her book to hear me.)
<PNAME>;（このまま、そっとしておこう。）;(I'll leave her be.)
Kisaragi;「そろそろ帰りましょうか？;Shall we return home soon?
<PNAME>;『もう、本はいいの？;Are you done with your book?
Kisaragi;「はい。あの⋯、本を読んでるとき私に声をかけましたか？;Yes. Umm⋯. Did you call out to me while I was reading?
<PNAME>;『ま、まあね。でも、別に大した用じゃなかったから。;Well, yeah. But it wasn't anything important.
Kisaragi;「ごめんなさい。私、本に夢中になると⋯。;I'm sorry. I tend to get absorbed in books...
<PNAME>;『そんな事、気にしなくていいから。ほら、帰ろうよ。;Don't worry about it. Come on, let's go home.
Kisaragi;「はい、ありがとうございます。;Of course. Thank you.
Katagiri;「そう？どっちでもいいけどね。;Oh? It doesn't matter to me either way.
Katagiri;「ザッツ ビューティフル。見とれちゃうわね。;"That's beautiful!" I'm captivated.
Fujisaki;「‥‥‥‥‥。;.......
Fujisaki;「あっ⋯。;Ah...
<PNAME>;『えっ、どうしたの。;Hm, what's wrong?
Fujisaki;「ううん、なんでもないの。ところで、今日は何の御用？;No, it's nothing. By the way, what brings you here today?
Katagiri;「オーイッツソーバッド。スプリットになっちゃった。;"Oh, it's so bad!" That's a split...
Katagiri;「オーッサンキュー、ありがとう。頑張ってみるわね。;"Oh, thank you!" I'll try my best.
<PNAME>;『まだ詩織は、来ていないようだな。;It seems Shiori hasn't arrived yet.
Fujisaki;「本当にごめんなさい。ちょっと、手間取っちゃって⋯。;I'm really sorry. I took too long getting ready...
Fujisaki;「それじゃ、どこに買い物に行きましょうか？;So, where should we go shopping?
Fujisaki;「それじゃ、行きましょう。;Okay, let's go.
Fujisaki;「ちょっと見てきてもいいかな⋯？;Is it okay if I take a quick look around..?
<PNAME>;『ああ、ゆっくり見てくるといいよ。;Yeah, take your time.
Fujisaki;「ごめんなさい。見たいものがたくさんあって⋯。;Sorry. There are so many things I want to see...
Fujisaki;「ありがとう。もう十分見たから⋯。;Thank you. I think I've had my fill...
Fujisaki;「今日はとても楽しかったわ。また今度誘ってくれる？;I had a lot of fun today. Will you take me out again sometime?
Fujisaki;「もうすぐ今年も終わりね。来年の抱負は、もう決めた？;The year's almost over. Have you decided on your resolutions for next year?
<PNAME>;『ま、まぁ、色々とね。;Well, yeah, just various goals...
Fujisaki;「そう。来年も、いい年だといいね。;I see. I hope next year is a good one too.
Katagiri;「そういえば、もうすぐ冬休みね。何か予定はあるの？;By the way, winter break is coming up soon. Do you have any plans?
<PNAME>;『んー？特に無いなぁ。片桐さんは？;Hmm? Not really. How about you, Katagiri-san?
Katagiri;「私も特にないわね。;No, nothing in particular.
<PNAME>;『そうなんだ。;Is that so?
<PNAME>;（プラネタリウムかあ。）;(A planetarium, huh...)
Sotoi;「レイ様のお友達で、いらっしゃいますか？;Are you a friend of Rei-sama?
Sotoi;「結構です。どうぞお入りください。;Very well. Please, come in.
<PNAME>;『毎年同じ事言ってるんじゃねぇの？;Are you saying the same thing every year?
<PNAME>;『聞こえなかったのか？頭悪いんじゃねぇ？;Did you hear me? Are you stupid?
Ijuin;「失礼な。ま、所詮は庶民の遠吠え、僕には蚊ほどにも感じんがね⋯。;How rude. Well, it doesn't bother me. It's just the commoners' howl, after all...
<PNAME>;『嫌なやつだなぁ⋯。;What a jerk...
Ijuin;「１年に１回だけのぜい沢を、思う存分に味わっていってくれたまえ。;Enjoy this once-a-year luxury to your heart's content.
Ijuin;「１年に１回だけのぜい沢を、思う存分に味わっていってくれたまえ。はーっはっはっはっ。では、失礼するよ。;Enjoy this once-a-year luxury to your heart's content. Haahahaha! Well, if you'll excuse me.
Saotome;「あ、<PSURNAME>さん招待されてたんですね。;Ah, <PSURNAME>-san, you were invited too.
<PNAME>;『優美ちゃんも、来てたのか。;Yumi-chan, you're here too.
none;しばらく優美ちゃんと話し込んだ;I chatted with Yumi-chan for a while...
Saotome;「同級生のお友達と来てるから、そろそろ、行かなくちゃ。;I've got friends I gotta get back to soon.
<PNAME>;『いいよ気にしないで。それじゃ、また。;It's fine, don't worry. See you later.
none;詩織のプレゼントだ！白いコーヒーカップかぁ⋯コーヒーがおいしくなるな。;Shiori's present! A white coffee cup... It'll make coffee taste better.
<PNAME>;（やった！片桐さんと、優美ちゃんから、年賀状をもらったラッキー。;(Yes! I got a New Year's card from Katagiri-san and Yumi-chan. Lucky!)
none;ピンポーン;Ding dong...
<PNAME>;『あれ、お客さんかな？はーい。;Someone's at the door! A guest?
Katagiri;「アハッピーニューイヤー。明けまして、おめでとう。;"Happy New Year!"
<PNAME>;『あっ、片桐さん。明けましておめでとう。新年早々、どうしたの？;Ah, Katagiri-san. Happy New Year! What brings you here so early in the year?
Katagiri;「ねぇねぇ、これから初詣に行きましょうよ。;Hey, let's go to the shrine together!
Katagiri;「ホント！？じゃあ、行こうよ。;Really!? Then, I'm ready when you are!
Katagiri;「わ、私だって秘密よ。あっ、ほら、おみくじ引こうよ。;E-even I have secrets. Oh, look, let's draw our fortunes!
none;大凶だ．．．;Grave Misfortune...
<PNAME>;（新年早々、ついてないな⋯。）;(Not a good way to start the year...)
Katagiri;「あははははは。新年早々縁起がいいわね。;Ahahaha! Starting the year with bad omens?
<PNAME>;『思い切り笑うことないだろう。片桐さんはどうだったの？;You don't have to laugh so hard. What did you get, Katagiri-san?
Katagiri;「私は、当然大吉よ。;I got Great Blessing, of course.
<PNAME>;『くそ、すっげー。悔しい。;Damn, lucky... I'm jealous.
Katagiri;「きっと、日頃の行いの運いよねー。;It must be due to your bad behavior~
<PNAME>;『そんな事はない。俺、もう一回引いてくる。;That's not true. I'm gonna draw another one.
Katagiri;「何度引いてもきっと、大凶よ。;No matter how many times you draw, it will always be a Grave Misfortune.
Katagiri;「何だか、今年はいい年になりそうな気がするわ。;I have a feeling this year is going to be a good one.
<PNAME>;『どうして？;Why?
Katagiri;「べ、別にいいじゃない。ほら、帰りましょう。;W-well... never mind. Let's go home.
<PNAME>;『はぁ、またか⋯。;Ugh, here we go again...
Tatebayashi;「伊集院さんの家って、大きいのね。初めて見ちゃった。;Ijuuin-san's house is so big. It's my first time seeing it.
Katagiri;「ジャンク屋さん？うん、別にいいけど。;A junk shop? Sure, I don't mind.
Katagiri;「わりといい感じね。;It's alright.
Katagiri;「なんか引っ掛かるけど、ま、別にいいわ。;Something feels off, but it's whatever.
Kisaragi;「あっ、<PNAME>さんちょっといいですか？;Oh, <PNAME>-san, may I have a word?
<PNAME>;『如月さん。どうしたの？;Kisaragi-san. What's up?
Kisaragi;「あの⋯今度の日曜日、空いていますか⋯？;Well... are you free next Sunday...?
Kisaragi;「本当ですか？嬉しいです。;Really? That's great!
Kisaragi;「はい、それでいいです。それでは、失礼します。;Yes, that works. Well then, excuse me.
Saotome;「優美と―緒なのが恥ずかしいですか？じゃあ、―人で帰ります。;Are you embarrassed to be with Yumi? Then, I'll walk home alone...
<PNAME>;（傷つけちゃったな⋯。馬鹿馬鹿、俺の馬鹿。）;(She looked hurt... Stupid, stupid me.)
Kisaragi;「奇麗ですね。それでは、座りましょう。;It's beautiful, isn't it? Well then, let's sit down.
Kisaragi;「星って、神秘的だと思いませんか？;Don't you think stars are so mysterious?
Kisaragi;「そうですね⋯。そう思うと、もっと神秘的ですね⋯。;That's right... When you think about that, it makes them seem even more mysterious...
Kisaragi;「今日は、付き合ってくれて、ありがとうございました。;Thank you for accompanying me today.
<PNAME>;『今度は俺が誘ってもいいかな？;Can I invite you out again sometime?
Kisaragi;「は、はい。もちろんです。;Y-yes. Of course.
<PNAME>;『それじゃあ、今度連絡するね。;Then, I'll keep in touch.
<PNAME>;『あれ？もうすぐ如月さんの誕生日だよね。;Huh? Isn't Kisaragi-san's birthday coming up?
Kisaragi;「えっ？私の誕生日、覚えてるんですか？;Huh? You remembered my birthday?
<PNAME>;『当然じゃないか。ちゃんと覚えてるよ。;Of course. I couldn't possibly forget it.
Kisaragi;「本当？嬉しいです。;Really? I'm so happy to hear that...
Saotome;「‥‥‥‥‥。;.........
Katagiri;「今日の演奏、グッドだったわよ。;Today's performance was "good!"
<PNAME>;『よし、シェークスピア全集を、プレゼントしよう。;Alright, I'll give her the complete works of Shakespeare.
Saotome;「ううん。優美も、今来たところです。;Nope. Yumi just got here too.
Saotome;「わーい、遊園地だ。;Yay, an amusement park!
<PNAME>;『じゃあ、中に入ろうか。;Alright, let's go inside.
<PNAME>;『優美ちゃん、何に乗りたい？;Yumi-chan, what do you want to ride?
Saotome;「どれにしようかなー。;Which one should I choose...?
Saotome;「優美、これダーイ好きなんだ。;Yumi looooves this one!
<PNAME>;『じゃあ乗ろうよ。;Then let's ride it.
Saotome;「スリルがあったねー。;That was thrilling, right~?
Saotome;「でもこのスリルが、優美にはたまらないんだ。;But this thrill is irresistible to Yumi.
Ijuin;「今日はバレンタインだね。毎年の事だが、全くまいってしまうよ。;Today is Valentine's Day. It happens every year, but it’s always overwhelming.
Ijuin;「ほら見たまえ。今年もあれだ⋯。;Ah, look at that. It's the same again this year...
Ijuin;「処分に困ってるんだ。よかったら半分持っていってくれないか？;At this point it's just bothersome. If it's alright, can you take half?
<PNAME>;『いらねえよ。;I don't want it.
Ijuin;「欲しかったらいつでも言ってくれたまえ。それじゃあまた。はーっ、はははははは⋯。;Just let me know if you ever want some. Well then, I'll see you later. Hahahaha~!
<PNAME>;『いい加減にしろよ。;Give me a break...
Fujisaki;「<PSURNAME>君。ちょっと、校舎裏に来て欲しいの。;<PSURNAME>-kun, I want you to come behind the school for a bit.
<PNAME>;『ああ、いいよ。;Ah, okay.
Fujisaki;「よかった。それじゃ、すぐに来てね。;Cool. Then, come right away.
<PNAME>;（チョコレートならここで渡せばいいのに、恥ずかしがっちゃって⋯。）;(If it were just chocolate, she could give it to me here, but she seemed embarrassed...)
<PNAME>;『おーい。詩織ぃ、きたぞー。;Shiori, I'm here!
<PNAME>;（こんな所で、もしかしたら、チョコレート以外にも⋯？）;(In a place like this, maybe it's not just chocolate...?)
Fujisaki;「あのね、紹介したい女の子がいるんだ。ちょっとここで、待ってて。;Um, so there's a girl I want to introduce to you. Please wait here for a second.
<PNAME>;（はぁ⋯。詩織の用じゃないのか⋯。でも、紹介したい女の子って誰だろう⋯。）;(Sigh... It's not for Shiori... But who is this girl she wants to introduce?)
Mikihara;「でもぉ、恥ずかしい⋯。やっぱり、いいよぉ⋯。;But, I'm embarrassed... just like I thought, I can't...
Fujisaki;「何言ってるのよ。せっかくのチャンスじゃない。勇気を出さなきゃ。;What are you saying? This is a rare chance. You have to be brave.
<PNAME>;（何か、向こうで話し声が聞こえるぞ。）;(I can hear voices talking over there.)
Mikihara;「あの⋯。;Um...
<PNAME>;『は、はい？;Y-yes?
Mikihara;「わ、私⋯、美樹原愛といいます。こ、これ、受け取ってください⋯。;I-I'm... Megumi Mikihara. P-please, take this...
<PNAME>;『ありがたく⋯。あれ、走って逃げちゃったよ。;Thank yo... oh, she ran away.
Fujisaki;「ごめんなさい、あの娘とっても恥ずかしがり屋なの。メグ、ちょっと待って！;I'm sorry, that girl is very shy. Megu, wait up!
<PNAME>;（恥ずかしがり屋ねぇ⋯。でも、可愛かったな。）;(Shy, huh... But she was cute.)
Saotome;「あっ、<PSURNAME>さんこれ、チョコレートです。;Ah, <PSURNAME>-san, here's your chocolate!
<PNAME>;『あ、ありがとう。嬉しいよ。優美ちゃん。;Ah, thank you. I'm flattered, Yumi-chan.
Saotome;「これ以外のチョコレートは貰ってもいいけど、絶対食べないで下さいね。;You can accept other people's chocolates, but you'd better not eat them, okay?
<PNAME>;『えっ？う、うん。;Huh? O-okay.
Saotome;「ホント？絶対約束だよ。それじゃあ。;Really? Then it's a promise! See ya!
<PNAME>;（軽はずみな、約束しちゃったかな⋯。）;(Did I just make a careless promise...?)
Katagiri;「あっ、ＤＵＭＭＹはい、これ。;Ah, DUMMY, here you go.
<PNAME>;『チョコレートだね。あ、ありがとう。嬉しいよ。;Oh, chocolate. Th-thank you. I’m flattered.
Katagiri;「ぎ、義理よ、義理。でも、ちょっとだけ義理じゃないの。;O-Obligatory, just obligatory. But... just a teensy bit not.
<PNAME>;『何言ってんだかわかんないよ。;I don’t get what you’re saying.
Katagiri;「そ、それじゃ、さよなら。;W-well then, goodbye.
<PNAME>;『何だろ、あんなに慌てて⋯。;I wonder why she was in such a hurry...
Fujisaki;「あっ、<PSURNAME>君。さっきはごめんね。はい、チョコレート。;Oh, <PSURNAME>-kun. I’m sorry about earlier. Here, I got you chocolate.
<PNAME>;（わりと多くもらえたな。結構人気あるみたい。）;(I got quite a lot. Seems like I’m fairly popular.)
Kisaragi;「さようなら。;Goodbye.
Yoshio;「美樹原、美樹原‥‥と。;Mikihara, Mikihara... ah.
Mikihara;「あっ、<PNAME>さん。;Oh, <PNAME>-san.
<PNAME>;『美樹原さん、どうしたの？;Mikihara-san, what’s up?
Mikihara;「あの⋯、―緒に⋯。あの⋯、帰りませんか⋯？;Um... would you like to... um... walk home... together?
Mikihara;「⋯！？し、失礼します。;...!? S-sorry...
<PNAME>;（待っててくれたのに悪い事したかなぁ⋯。）;She waited for me, but I think I did something bad…
<PNAME>;『今日は、池の方に行こうよ。;Let's go to the pond today.
Katagiri;「わぁ、奇麗な池ね。わりと絵になるわね。;Wow, that’s a beautiful pond. It’s quite picturesque.
Katagiri;「グッドアイディア。あっ、でも、道具がないわ。;"Good idea!" Ah, but we don’t have the tools.
<PNAME>;（カラオケかあ。）;(Ah, karaoke...)
Mikihara;「あの⋯。いえ、いいです⋯。;Um... no, it’s nothing...
<PNAME>;『美樹原さん、何の用だったんだ？;Mikihara-san, what did you want?
Mikihara;「は、はい⋯。あ、ありがとうございます⋯。;O-okay... th-thank you so much...
<PNAME>;『そう言えば、もうすぐ春休みだね。何か予定は？;Speaking of which, spring break is coming soon. Do you have any plans?
Mikihara;「わ、私は、特に⋯。;I-I don’t really have any...
<PNAME>;『そうなんだ。実は俺もなんだ。;I see. Actually, neither do I.
Mikihara;「そ、そうですか⋯。;R-really...?
Ijuin;「バレンタインのお返しは持ってきたのかね。;Did you bring return gifts for Valentine’s?
<PNAME>;『持ってきたに決まってるだろ;Of course, I brought them.
Ijuin;「ほう⋯。まぁ、頑張りたまえ。;Hm... well, good luck then.
Katagiri;「ＤＵＭＭＹ。私に、何か用？;DUMMY. Do you need something from me?
Katagiri;「わ、私に？グラッド、嬉しい⋯。;F-for me? "I'm so glad!"
<PNAME>;『良かった。喜んでもらえて。;I'm glad you like it.
Katagiri;「もったいなくて食べられないわね。それじゃ、ありがとう。;It's too precious to eat. So... thank you.
<PNAME>;（すごく喜んでくれたな。あげてよかった。）;(She looked really happy. I’m glad I gave it to her.)
<PNAME>;『何回間運えれば、気が済むんだろう⋯。;How many times will it take to satisfy you...?
Tatebayashi;「この間、大通りの角で、美味しいケーキ屋さん見つけたんだ。今度食べに行こうよ。;The other day, I found a delicious cake shop on the corner of the main street. Let’s go eat there next time!
<PNAME>;『―体、誰にかけてるんだ？;Who the hell are you calling anyway?
Katagiri;「ねぇねぇ、このブロンズ像、素晴らしい躍動感だと思わない？;Hey hey, don’t you think this bronze statue has a wonderful sense of movement?
Katagiri;「そうね。わりといいわね。;Yeah, it’s pretty good.
<PNAME>;（待っててくれたのにひどいこと言っちゃったなぁ⋯。）;(She waited just for me, and I said something terrible...)
Katagiri;「ううん。グッドタイミ;No, "Good timi-"
Katagiri;「ビューティフル。奇麗ね。早く座りましょうよ。;"Beautiful!" It’s pretty, huh? Let’s find a place to sit.
Katagiri;「星って、ロマンティックだと思うわ。;I think stars are... "romantic~"
Katagiri;「星空って、芸術だと思うわ。;The starry sky is art to my eyes.
Katagiri;「すごく神秘的ね⋯。いつまでもこうしていたいわ。;It's very mysterious... I want to stay like this forever.
<PNAME>;『今日から、俺も３年生だ。;Starting today, I’m a third-year student.
<PNAME>;『卒業まで、あと―年か⋯。詩織の理想に届くには⋯。;Just one more year until graduation... to reach Shiori’s ideal...
<PNAME>;『勉強は得意科目以外がなぁ⋯。;Studying is tough outside of my strong subjects...
<PNAME>;『もっと身も心も鍛えないとな。;I must train my body and mind more.
<PNAME>;『色々な話題が少ないな。;There’s not much variety in topics.
<PNAME>;『ちょっとかっこ悪いよな。;That's a bit uncool, isn't it?
<PNAME>;『でも、片桐さんとは仲良くやっていけそうかな。;But I think I can get along well with Katagiri-san.
<PNAME>;『とにかく、頑張らねば。;Anyways, I'd better try my best.
<PNAME>;『あっ、そう言えば進路相談があるんだ。職員室へ行かなきゃ。;Oh, speaking of which, I have a career consultation. I have to go to the staff room.
<PNAME>;（俺の進路は、どうしようかな？）;(What should I do about my career path?)
<PNAME>;『それじゃあ、誰の進路を調べようかな。;So then, whose plans should I check on?
<PNAME>;『えーと、片桐さんは、絵の勉強で、海外留学かぁ。片桐さんは留学するのか。;Well, Katagiri-san is going to study art abroad...
<PNAME>;『えーと、詩織は、―流大学に進学かぁ。詩織なら、合格するだろうな;Well, Shiori is going to apply for a top-tier university. She'll probably get accepted...
<PNAME>;『えーと、如月さんは、―流大学に進学かぁ。如月さんなら、大丈夫だな。;Well, Kisaragi-san is going to apply for a top-tier university. Knowing her, she'll be fine...
<PNAME>;『えーと、美樹原さんは、二流企業に就職かぁ。美樹原さん大学に行かないんだ。;Well, Mikihara-san is going to work for a second-rate company. Mikihara-san isn't going to college...
<PNAME>;『えーと、好雄は、三流大学か。ふーん、好雄は進学するんだ。;Well, Yoshio is going to a third-rate university. So Yoshio will continue his studies...
<PNAME>;『えーと、伊集院は、海外留学か。これで、平和な日々が戻って来そうだぜ。;Well, Ijuin is going to study abroad. Surely that'll bring some peace back here...
<PNAME>;『俺は、進学したい。;I want to go on to higher education.
<PNAME>;（俺は先生に、進路の希望を伝えた。）;(I told the teacher about my career aspirations.)
teacher;「お前の今の学力だったら、頑張らないと、浪人してしまうぞ！;With your current academic ability, you're on track to repeating a year!
<PNAME>;『ガーン。;Geez...
<PNAME>;『えっ？この前も入ってたぞ。;What? It was in just the other day.
Tatebayashi;「この間、素敵な男の子見つけちゃった。今、追跡中なの。;The other day, I found a wonderful boy. I’m tracking him now.
<PNAME>;『何か、スパイみたい。;You sound like a spy or something.
<PNAME>;（俺は、美樹原さんと、楽しく下校した。）;(I walked home happily with Mikihara-san.)
<PNAME>;『ほら、片桐さんの番だよ。;Look, it's your turn, Katagiri-san.
Katagiri;「私は恥ずかしいからいいわ。;I’ll pass! It's too embarrassing...
<PNAME>;『どうしたの？恥ずかしがるなんて、片桐さんらしくないよ。;What's wrong? It's not like you to be embarrassed, Katagiri-san.
Katagiri;「失礼ね。私はナイーブなのよ。だから歌わないの。;How rude! I’m fragile, you know. So I’m not singing.
<PNAME>;『はいはい。でも、片桐さんの美声を聞いてみたいなぁ⋯。;Alright, alright. But I'd love to hear your beautiful voice, Katagiri-san...
Katagiri;「えっ、そう？どうしようかな⋯。;Oh, really? What should I do then...?
<PNAME>;『きっと、天使のような、歌声なんだろうな⋯。;I bet it would sound like an angel's voice...
Katagiri;「そこまで言われちゃしかたないわね。;Well if you put it like that, I guess I have no choice.
<PNAME>;『やった。歌ってくれるんだ。（でも、顔が笑ってるぞ。）;Alright! She's going to sing. (But her face is smiling.)
<PNAME>;『‥‥‥‥。（無茶苦茶、うまいじゃないか⋯。）;...... (She's insanely good...)
none;そして、―時間後;And then, an hour later...
Katagiri;「さあのってきたわ。次は、これよ。;Now I'm in the mood. Next is this one.
<PNAME>;『‥‥‥‥。（ずっと、歌いつづけてるよ、何がナイーブなんだか⋯。）;...... (She just keeps singing, how exactly is this fragile...?)
Fujisaki;「ううん。私も、今来たところだから⋯。;No, I just got here, too...
Fujisaki;「それじゃ、そろそろ、中に入りましょう。;Okay, let's head inside.
Fujisaki;「私の歌、どうだった？;How was my singing?
Fujisaki;「嬉しいな。そんなに誉めてくれるとは思わなかったわ。;I'm glad... I didn't expect so much praise!
Saotome;「ねぇ、もうすぐ優美の誕生日なんだよ。;Hey, Yumi’s birthday is coming up soon~
<PNAME>;『知ってるよ。覚えてるから、安心しなよ。;I know. Don’t worry, I remember.
Saotome;「うん。安心した。;That's good to hear.
<PNAME>;『あっ、詩織。どうしたの？;Oh, Shiori. What’s up?
Fujisaki;「ねぇ、今度の日曜日、空いてるかな⋯？;Hey, are you free next Sunday…?
Fujisaki;「買い物に付き合って欲しいんだけど⋯。駄目？;I want to go shopping with you... is that okay?
Fujisaki;「本当？それじゃ、えーと⋯。;Really? Then, um...
Fujisaki;「うん、それでいいわ。忘れないでね。;Yeah, that's fine. Don't forget, okay?
Fujisaki;「ねぇ、これ可愛いね？;Hey, isn't this cute?
Fujisaki;「えっ、ありがとう。すごく嬉しいな⋯。;Oh, thank you. I'm so happy...
Fujisaki;「今日は、付き合ってくれて、本当にありがとう。;Thank you so much for hanging out with me today.
<PNAME>;『あっ、今日は、優美ちゃんの誕生日じゃないか。;Oh, today is Yumi-chan's birthday, isn't it?
<PNAME>;『よし、ビー玉を、プレゼントしよう。;Alright, let's give her a marble as a present.
<PNAME>;『あっ、優美ちゃん！;Ah, Yumi-chan!
Saotome;「優美に？うれしいー。開けてもいいですか？;For Yumi? Yay~! Can I open it?
Saotome;「⋯。お兄ちゃんにでも、あげようかな⋯。;...maybe I'll give it to my older brother...
<PNAME>;『あんまり喜んでもらえなかった⋯。失敗だったかな⋯。;She didn't seem too happy about that... was that a mistake...?
<PNAME>;『そう言えば、もうすぐ体育祭だね。;Speaking of which, the sports festival is coming up soon, right?
Mikihara;「そ、そうですね⋯。;Y-yes, that's right...
<PNAME>;『体調を整えておかないとね。;We should make sure we're in good shape for it.
Mikihara;「あの⋯。わ、私もそう思います。;Um... I-I think so too.
<PNAME>;（情報誌を見ながら、コナミコマンドを入力すると⋯。↑↑↓↓←→←→ｘ○）;(While looking at the magazine, input the Konami Code... ↑↑↓↓←→←→x○)
<PNAME>;『おいおい、いい加減にしろよ⋯。;Hey, hey, give me a break...
Tatebayashi;「学校で、急いでいるふりして、気になる男の子に、わざとぶつかるんだ。;At school, pretend to be in a hurry and purposely bump into the boy you like.
<PNAME>;『何でそんな事を⋯。;Why would you do something like that...?
Fujisaki;「あっ⋯。あなたとなの⋯？;Ah... are we together...?
Katagiri;「レッツダンス。さあ、踊りましょう。;"Let's dance!" Come on~!
Saotome;「プロレスだー。ウォーウォー。;It's wrestling! Whoa!!
<PNAME>;『そろそろ入るよ。優美ちゃん。;It's about to start, Yumi-chan. Let's hurry inside.
Saotome;「プロレスって燃えるねー。;Wrestling really gets me fired up!
Saotome;「鍛えてあるから、平気、平気。;I'm trained, so it's fine, it's fine!
Saotome;「今日は、楽しかったです。また、誘ってくださいね。;I had fun today! Please take me out again!
Fujisaki;「あっ、ＤＵＭＭＹ。;Ah, DUMMY.
Katagiri;「今見てきた、コアラ。可愛かったわね。;The koala we just saw was adorable, wasn't it?
Katagiri;「ね。やっぱり、そう思うでしょう。;Right. You think so too, don't you?
Fujisaki;「そう⋯。それならしかたないね。それじゃ⋯。;I see... if that's the case, I guess it can't be helped. See you...
<PNAME>;（かなり傷ついてたな⋯。あんな、ひどいことを⋯。あぁ、良心が痛むなぁ⋯。）;(She seemed quite hurt... that was a terrible thing to say. Ah, my conscience aches...)
Kisaragi;「ごめんなさい⋯。その日は、ちょっと約束が⋯。;I'm sorry... I have a prior engagement that day...
Kisaragi;「せっかく誘っていただいたのにごめんなさい⋯。;I'm sorry you took the trouble to invite me...
<PNAME>;『今度、日を改めて誘うから。こっちこそ、ごめんね。;I'll ask again another time. I'm sorry as well.
Mikihara;「ハイ、美樹原です。;Yes, this is Mikihara.
Mikihara;「‥‥‥‥。;......
<PNAME>;『もしもし、どうしたの？;Hello,　is everything alright?
Mikihara;「ご、ごめんなさい。御用件は、何でしょう。;S-sorry. What can I do for you?
Mikihara;「えっ。は、はい⋯。よろこんで⋯。;Wh-what? Y-yes... I'd be happy to...
<PNAME>;『え、よく聞こえないよ。;What? I can't hear you well.
Mikihara;「は、はい⋯、分かりました。;Y-yes... I understand.
<PNAME>;『それじゃ、忘れないでね。;Alright, don't forget then.
<PNAME>;『まだ美樹原さんは、来ていないようだな。;It looks like Mikihara-san hasn't arrived yet.
Mikihara;「す、すいませんでした。ちょっと、時間が⋯。;I-I'm sorry. I lost track of time...
Mikihara;「あの⋯私。この公園によく散歩に来ます⋯。;Um... I often go on walks in this park...
Mikihara;「は、はい⋯。行きましょう。;Y-yes... let's go.
Mikihara;「あの⋯。この道を歩くのって、楽しいですね⋯。;Um... Walking by here is nice, isn't it...?
Mikihara;「は、はい⋯。私もそう思います。;Y-yes... I think so too.
<PNAME>;『楽しかった？;Did you have fun?
Mikihara;「あ、あの⋯。とても楽しかったです。;U-um... I had a lot of fun.
<PNAME>;『今度また、誘ってもいいかな？;Can I ask you out again sometime?
Mikihara;「は、はい⋯。;Y-yes...
Mikihara;「<PNAME>君あの⋯。―緒に⋯。;<PNAME>-kun, um... together...
<PNAME>;『―緒に帰ろうか？;Wanna head home together?
Kisaragi;「素敵な絵が、たくさんありますね。;There are so many beautiful paintings.
Kisaragi;「そうですね。私も、素敵だと思います。;That's right. I think it's lovely too.
Kisaragi;「今日は、とても楽しかったです。今度また⋯。;I had a great time today. Let's do it again sometime...
Kisaragi;「<PNAME>君と、途中まで、―緒に帰りませんか？;Want to walk part of the way home together, <PNAME>-kun?
<PNAME>;『いいよ。帰ろう。;Sure. Let's go home.
Kisaragi;「良かった⋯。;I'm glad...
Katagiri;「そうね⋯。絵でも描いてようかな。;Yeah... maybe I'll draw a picture or something.
<PNAME>;『絵ねぇ⋯。（海とか、プールには行かないのかな⋯。）;A picture, huh... (Not going to the beach or a pool or anything...?)
Away-san;「おう、俺だ! 留だ!;Hey, it's me! Away!
Away-san;「今年の花火大会ではよぅ、俺の昇り龍乱れ七変化を楽しみにしてくんな!;Look forward to my Soaring Dragon's Chaotic Hydrangea at this year's fireworks festival!
<PNAME>;『何だ、この電話は？;What the heck is this call?
<PNAME>;『今年は、花火大会があるんだ。行ってみようよ。;This year, there's a fireworks festival. Let's go check it out.
Katagiri;「綺麗な花火ね。;The fireworks are beautiful.
Katagiri;「そんなのよく知ってるわね。;You know a lot about these things.
<PNAME>;（なんだか、体中に力がみなぎってくる感じがする。;(For some reason, I feel power surging through my body.)
<PNAME>;（おおおおおおおおっっっ！！！！;(Ooooooooooohhhhhhhh!!!!)
none;吹奏楽部奥義ハーメルンのホラ吹きをマスターした。;Mastered the Brass Band Secret Art: Pied Piper's Bluff.
<PNAME>;（あぁ、心が洗われるぜ。）;(Ah, my heart feels cleansed.)
Girl;「きゃあぁぁ！！誰かのぞいてる！;Kyaaaa!! Someone's peeping!
<PNAME>;（やばい！逃げるぜ！）;(Oh crap! I gotta run for it!)
<PNAME>;『ふぅ、何とか逃げきったようだな。（顔を見られた気もするけど⋯;Phew, I managed to escape. (But I think they saw my face...)
Kisaragi;「あっ、<PNAME>君。;Ah, <PNAME>-kun.
Kisaragi;「あの⋯。―緒に帰ろうと思いまして⋯。;Um... I was thinking of walking home with you...
Kisaragi;「良かった。それでは帰りましょう。;Great, then let's go home.
<PNAME>;『あっ、今日は美樹原さんの誕生日じゃないか。;Oh, isn't today Mikihara-san's birthday?
<PNAME>;『よし、ウサギの手ぶくろを、プレゼントしよう。;Alright, I'll give her the rabbit gloves as a gift.
<PNAME>;『あっ、美樹原さん！;Hey, Mikihara-san!
Mikihara;「は、はい⋯。な、何でしょう？;Y-yes... w-what is it?
Mikihara;「‥‥‥‥。あ、ありがとうございます。開けても、いいですか？;.......th-thank you. Can I... open it?
Mikihara;「欲しかったの、これ⋯。ずっと、大切にします。ありがとうございました。;This is exactly what I wanted... I'll treasure it forever. Thank you so much.
Delinquent;「おう、;Hey,
Delinquent;「おう、女連れとはいい身分じゃねぇか。;You're living it up, with a girl by your side, huh?
Delinquent;「おう、女連れとはいい身分じゃねぇか。ツラ貸しな！;You're living it up, with a girl by your side, huh? Let me see your face!
Saotome;「そう言えば、もうすぐ優美達、修学旅行なんだよ。;Speaking of which, Yumi's class is going on a school trip soon.
Saotome;「すごく楽しみ。お土産買ってくるね。;I can't wait! I'll buy you a souvenir!
<PNAME>;『楽しみに待ってるよ。;I'm looking forward to it.
<PNAME>;『よし、イヤリングを、プレゼントしよう。;Alright, I'll give her earrings as a gift.
Fujisaki;「あっ⋯。ど、どうしたの？;Ah... w-what is it?
Fujisaki;「えっ⋯。嬉しい⋯。開けてもいい？;Oh... I'm so glad... Can I open it?
<PNAME>;（ふーん。ガーギー展かあ。）;(Hmm, a Gargi exhibition, huh...)
Katagiri;「ワンダフル。私この人の絵の大ファンなの。;"Wonderful!" I'm a big fan of this painter's art.
<PNAME>;『そ、そう。来てよかったね。;I-I see. It's a good thing we came.
Katagiri;「ほらこれなんて、グレイトね。しびれちゃうわ。;Look at this one, it's great! I'm mesmerized.
Katagiri;「いいわねぇ⋯。私もこのぐらい描ければなぁ⋯。;It's so nice... I wish I could draw this well...
<PNAME>;（よっぽど、好きなんだなぁ⋯。もう２時間も見てるよ。）;(She really likes this, huh... we've been here for two hours...)
Katagiri;「よし覚えたわ。さあ、帰りましょう。;Alright, I've memorized it. Let's go home.
<PNAME>;『えっ？覚えたって？;Huh? Memorized?
Katagiri;「忘れないうちに家に帰って、絵にしておくのよ。;I'll go home and paint it before I forget!
Fujisaki;「えーとね⋯。ごめんなさい。その日は、用事があるの。せっかく誘ってくれたのに⋯。;Um... I'm sorry. I have plans that day. After you went out of your way to invite me...
<PNAME>;『い、いいよ。気にしてないから。;I-it's fine. Don't worry about it.
Fujisaki;「また、今度誘ってね。;Ask me again another time.
<PNAME>;『よし、ムンクの叫びの人形を、プレゼントしよう。;Alright, I'll give her a "The Scream" doll as a present.
Saotome;「<PSURNAME>さん。こんにちはーっ。;Hi, <PSURNAME>-san.
<PNAME>;『あっ、優美ちゃん。どうしたの？;Oh, Yumi-chan. What's up?
Saotome;「はい、どうぞ。修学旅行のお土産です。;Here you go. It's a souvenir from the school trip.
<PNAME>;『ありがとう。嬉しいよ。;Thank you. I'm happy you thought of me.
Saotome;「これ、優美とペアなんですよ。;It pairs with Yumi's!
Saotome;「あっ、お兄ちゃんに見つからないうちに戻らなきゃ。;Oh, I need to get back before my brother finds out.
<PNAME>;『ありがとう。大事にするよ。;Thank you. I'll treasure it.
Saotome;「ずっと、身につけててくださいね。;Please always wear it.
Katagiri;「ビューティフル。素敵な絵ね。完成したら見せてね。;"Beautiful!" What a lovely painting! You should show me when it's finished.
<PNAME>;『そう言えば、もうすぐ文化祭だね。;Speaking of which, the cultural festival is coming up soon.
<PNAME>;『吹奏楽部に、見に来てよ。;You should come watch the brass band.
Fujisaki;「そう言えば、もうすぐ文化祭ね。;By the way, the cultural festival is coming up.
Fujisaki;「きっと見学に行くね。;I'll definitely go check it out.
<PNAME>;『うん、歓迎するよ。;Yeah, you're welcome.
Fujisaki;「奇麗なお花がたくさんあるね。;There are so many beautiful flowers.
Fujisaki;「そう思うでしょう。そう言うと思ってたけどね。;You think so, right? I thought you'd say that.
Fujisaki;「それじゃ、―緒に帰りましょう、ＤＵＭＭＹ。;Well then, let's walk home together, DUMMY.
<PNAME>;『吹奏楽部は、体育館でクラシック音楽の演奏だ。早く、準備しなきゃ。;The brass band will perform classical music in the gym. We need to get ready soon.
Katagiri;「ハーイ。最後の発表よ。調子は、どう？;"Hi!" It's the final performance. How are you feeling?
<PNAME>;『もう、バッチリ。;I'm all set.
Katagiri;「それなら大丈夫ね。最後にふさわしく、最高の演奏をしましょう。;You'll do great then. Let's give a stunning performance fitting for the finale.
<PNAME>;『よし、張り切っていこう。;Alright, let's go all out!
Katagiri;「ブラボー、最後の発表、うまくいったわね。;"Bravo!" The final performance went well.
<PNAME>;『本当。今までの練習の成果が、発揮できたからだろうね。;It really did. It's probably because we were able to showcase the results of our practice.
Katagiri;「これで高校生活の吹奏部も終わりね。もう、心残りはないわ。;With this, our high school brass band careers are over. I have no regrets!
<PNAME>;（たまには早起きもいいなぁ。）;(Sometimes, waking up early is nice.)
Fujisaki;「あっ、ＤＵＭＭＹおはよう。早いね、今日は。;Oh, good morning, DUMMY. You're up early today.
<PNAME>;『おはよう、詩織。たまには、早起きの日もあるよ。;Good morning, Shiori. I sometimes get an early start.
<PNAME>;（今日は楽しく登校できた。早起きは三文の得とは、よく言ったもんだぜ。）;(I had a pleasant walk to school today. It's true what they say, "the early bird gets the worm"...)
Fujisaki;「そう⋯。じゃあ私、先帰るね。;I see... Well, I'll head home first.
Saotome;「あっ、もう開演時間だ。早く、早くぅ。;Oh, it's showtime already. C'mon, let's hurry!
Saotome;「優美達の座席は⋯、えーと。;Our seats are... umm...
<PNAME>;『ほら、優美ちゃん、こっちこっち。;Look, Yumi-chan, over here.
<PNAME>;（ｐｒｆは、音とビジュアルを―体化するボーカル、ＤＪ、ダンサーのユニットだ。）;(prf is a group that integrates vocals, DJing, and dance into one.)
none;『コンサート、まあまあだったね？』『コンサート、良かったね？』『コンサート、つまらなかったね？』;『The concert was so-so, right?』『The concert was good, right?』『The concert was boring, right?』
Saotome;「優美は、そんなに悪いとは思わなかったけど。;Yumi didn't think it was that bad...
Saotome;「うーん。今日は、楽しかったかな。また誘ってくださいね。;Hmm... I had fun today. Invite me out again sometime.
Katagiri;「そうね。良かったわね。;Yeah, it was good.
Katagiri;「ねぇ、私に似合うネックレス、どれだと思う？;Hey, which necklace do you think suits me?
Katagiri;「ザッツグッド。私もいいと思ってたんだ。;"That's good!" I thought so, too.
<PNAME>;（この情報誌も、これで最後か⋯。）;(This is the last issue of this magazine...)
Kisaragi;「<PNAME>君⋯？えっと、何の御用でしょう。;<PNAME>-kun...? Um, how can I help you?
Fujisaki;「私は、スキーにでも行こうかと思って。;I was thinking of going skiing.
<PNAME>;『スキーか⋯。それもいいな⋯。;Skiing, huh... That sounds nice...
Saotome;「そう言えば、もうすぐ冬休みですね。何か予定はあるんですか？;Speaking of which, winter break is coming up. Do you have any plans?
<PNAME>;『んー？特に無いなぁ。優美ちゃんは？;Hm? Not really. What about you, Yumi-chan?
Saotome;「優美はお兄ちゃんとスキーに行くの。;Yumi's going skiing with big brother.
<PNAME>;『スキーか⋯。それも良いね。;Skiing, huh... That sounds nice too.
<PNAME>;（あっ、美樹原さんがいるぞ。）;(Oh, there's Mikihara-san.)
<PNAME>;『おーい、美樹原さん。;Hey, Mikihara-san!
<PNAME>;『まだ如月さんは、来ていないようだな。;It looks like Kisaragi-san hasn't arrived yet.
Kisaragi;「すみませんでした。準備に、時間がかかってしまって⋯。;I'm sorry. I lost track of time getting ready...
Kisaragi;「今見てきた、イルカのショー。面白かったですね。;The dolphin show we just saw was interesting, right?
Kisaragi;「私、目が悪いから、よく見えませんでした。;I have poor eyesight, so I couldn't see it very well.
Kisaragi;「今日は、ちょっと疲れちゃいましたけど⋯。今度また⋯。;I'm a bit tired today... but sometime...
<PNAME>;『ごめんね。でも、また誘ってもいいかな？;I'm sorry. Can I take you out again sometime?
Kisaragi;「も、もちろんです。;O-of course.
Sotoi;「申し訳ございませんが、その様なお召し物では少々、ご遠慮していただいております。;My apologies, but we cannot let you inside wearing that attire...
<PNAME>;『えっ、そうなの？;Oh, really?
Sotoi;「はい。厳しく言いつかっておりますので。;Yes. We have strict instructions.
<PNAME>;『‥‥‥‥。（しょうがない帰るか‥。）;...... (I guess I should go home...)
<PNAME>;（ふぅ、家に着いたぞ。）;(Phew, I'm home.)
<PNAME>;（仕方ない、今年は―人でクリスマスを祝うか。）;(It can't be helped, I'll celebrate Christmas alone this year.)
<PNAME>;『メリークリスマス！！あぁ、楽しいなぁ。;Merry Christmas!! Ah, this is so... fun.
<PNAME>;『うぅ、来年こそは楽しいクリスマスを過ごすぞ。;Ugh... next year I'll have a fun Christmas for sure.
Mikihara;「⋯⋯。;......
<PNAME>;『どうしたの？;What's wrong?
Mikihara;「ごめんなさい⋯。その日は、約束があって⋯。;I'm sorry... I have plans that day...
<PNAME>;『なんだ、そんなこと気にしなくていいよ。;Oh, don't worry about it.
Mikihara;「あの⋯。また今度、誘って下さい⋯。;Um... Please invite me again another time...
<PNAME>;『うん、そうするよ。じゃあ。;Yeah, I'll do that. See you.
<PNAME>;（やった！詩織と、美樹原さんと、優美ちゃんから、年賀状をもらったラッキー。);(Nice! I got New Year's cards from Shiori, Mikihara-san, and Yumi-chan. Lucky!)
none;ラッキー！大吉だ！！;Lucky! It's Great Fortune!!
<PNAME>;（やった、今年はいい事ありそうな気がするぜ。）;(Nice, I feel like something good will happen this year!)
Katagiri;「あら、私と同じ？つまんないわね。;Oh, you got the same as me? That's boring...
<PNAME>;『えっ？何がつまんないって？;Huh? How's it boring?
Katagiri;「大吉が出たから、あなたのを見て、大笑いしようと思ったのに。うふふふ⋯。;I was hoping to enjoy my superiority~ Hehehe...
<PNAME>;『新年早々から、そんな事考えて⋯。;Thinking about that right at the start of the new year...
Katagiri;「今年は卒業ね。;We'll graduate this year.
<PNAME>;『そうだねぇ、本当もうすぐだよ。;Yeah... it's coming up.
Katagiri;「もうすぐ、会えなくなっちゃうかもしれないね。;We might not be able to see each other soon...
<PNAME>;『ど、どうしたの？片桐さんらしくない。;W-what's wrong? This isn't like you, Katagiri-san.
Katagiri;「そ、そうね。私らしくないわね。さあ、帰りましょう。;Y-yeah, it's not like me... let's head home.
<PNAME>;『片桐さんは、まだ来てないようだな。;It looks like Katagiri-san hasn't arrived yet.
<PNAME>;（片桐さん、遅いなあ。もしかして場所を間運えたかな。）;(Katagiri-san is late... maybe I got the place wrong.)
<PNAME>;『いや、この場所だった。もう少し待ってみよう。;No, this was the place. I'll wait a bit longer.
Katagiri;「オー、アンビリーバブル。ターキーよ。;"Oh, unbelievable!" It's a turkey!
Katagiri;「そう？きっと、実力よね。;Really? It must be real skill.
Mikihara;「い、いえ⋯。;N-no problem...
<PNAME>;『それじゃ、そろそろ入ろうか？;Should we head inside?
Mikihara;「は、はい⋯。そうですね。;Y-yes... let's.
Mikihara;「あの⋯。静かですね⋯。;Um... it's quiet...
Mikihara;「あ、あの⋯。そんなに、大声を出したら⋯。;U-um... if you speak so loudly...
Mikihara;「あの⋯。そ、そうですね⋯。;Um... y-yes...
<PNAME>;『面白くなかったみたいだね。でも、また誘ってもいいかな？;It seems like you didn't have fun. Can I invite you out again to make up for it?
Katagiri;「それなら―緒に、カラオケに行かない？;Then how about we go to karaoke together?
Katagiri;「ねぇ、私の歌どうだった？;Hey, how was my singing?
Katagiri;「えーっ、本当？何だか照れちゃうな。;R-really? You're making me blush...
<PNAME>;『よし、ワンピースを、プレゼントしよう。;Alright, I'll get her a one-piece dress as a present.
Kisaragi;「<PNAME>君！何か御用ですか？;<PNAME>-kun! Did you need something?
Kisaragi;「えっ、私に⋯？ありがとうございます。開けても、いいでしょうか？;Oh, for me...? Thank you. May I open it?
Kisaragi;「ありがたく、頂戴します。;I gratefully accept it.
<PNAME>;『毎年、うるせえぞ。伊集院。;Every year, you're so annoying, Ijuin.
Ijuin;「そんなに怒ることはないじゃないか。;There's no need to get so angry.
<PNAME>;『怒りたくもなるぜ。毎年これじゃ⋯。;I can't help but get angry. It's like this every year...
Ijuin;「まぁそうひがまないでくれたまえ。ははははは⋯。;Well, don't be so bitter about it~ Ha ha ha ha~!
Kisaragi;「あっ、<PNAME>君。これ、受け取ってください⋯。;Ah, <PNAME>-kun. Please take this...
Kisaragi;「あの⋯、中に⋯。;Um... inside, there's...
<PNAME>;『中に何？;What's inside?
Kisaragi;「い、いえ、何でもないです。し、失礼します。;N-no, it's nothing. Please excuse me.
<PNAME>;『中に⋯、何だろう。;Inside... what could it be?
none;ごそごそ;*Rustle rustle*
<PNAME>;『あれ、中に紙が入ってるぞ。これは如月さんの書いた詩じゃないか。どれどれ⋯。;Hey, there's a paper inside. Isn't this a poem written by Kisaragi-san? Let's see...
<PNAME>;（な、なんか照れちゃうな⋯。）;(I-I feel a bit embarrassed...)
Mikihara;「あの⋯。こ、これ⋯。あの⋯。受け取ってください⋯。;Um... t-this... um... please accept it...
<PNAME>;『あ、ありがとう。嬉しいよ。あっ、美樹原さん。;Oh, thank you. I'm happy you thought of me, um, Mikihara-san.
Mikihara;「は、恥ずかしい⋯。;I-I should go...
<PNAME>;『真っ赤な顔してたな⋯。よっぽど恥ずかしかったのかな⋯。;She was completely red... I guess she was really embarrassed...
Fujisaki;「あっ、ＤＵＭＭＹ。これ、形が悪いかもしれないけど⋯。;Ah, <PNAME>. I know this might not seem very good...
Fujisaki;「ちょっと学校では、恥ずかしくて渡せなかったの⋯。;I was a bit too embarrassed to give it to you at school...
Fujisaki;「だって⋯、特別な想いをこめたチョコだから⋯。;Because... I put all my heart into this chocolate...
<PNAME>;『えっ？それって⋯。;Eh? That means...
Fujisaki;「そ、それじゃ、また。;W-well, see you later.
<PNAME>;『特別な想いか⋯。;All her heart, huh...
Saotome;「それじゃあ、中に入ろうよ。;Well, let's head inside.
Saotome;「今見てきた、イルカのショー。面白かったね。;The dolphin show we just saw was fascinating, right?
Saotome;「優美は、イルカさんがかわいいから許しちゃう。;Yumi forgives the dolphins because they're cute~!
Saotome;「もうすぐ卒業ですね。;Graduation is coming up soon, isn't it?
Saotome;「何か、寂しくなっちゃうな。;It's going to feel a bit lonely.
<PNAME>;『そんなことないよ。友達がいるじゃない。;It won't be that way. You have friends, don't you?
<PNAME>;（あ～あ、留守みたいだな。今日はあきらめるか⋯⋯。）;(Ah... seems like nobody's home. Guess I'll call it quits for today...)
<PNAME>;『明日は、大学の試験日だ;Tomorrow is the university entrance exam.
<PNAME>;（どこを受験しようかな？;(Where should I apply?)
<PNAME>;『よし、二流大学の試験を受けよう;Alright, I'll apply for a second-tier university.
<PNAME>;『忘れ物は無いし、試験会場に行こうか;I haven't forgotten anything. Let's head straight to the testing site!
<PNAME>;（全力を出して頑張るぞー）;(I'll give it everything I've got!)
<PNAME>;（バッチリできた！これなら大丈夫だろう）;(Nailed it! I should be accepted, no problem.)
<PNAME>;（合格発表は、３月１日か）;(The exam results will be announced on March 1st, huh...)
<PNAME>;『ふぅー、卒業式が終わったぜ。校長の話が、長過ぎるんだよなぁ。;Phew, the graduation ceremony is finally over. The principal's speech was way too long.
<PNAME>;（如月さんは、貧血で倒れなかったかな？）;(I wonder if Kisaragi-san fainted from anemia...)
<PNAME>;『あれっ、机の中に手紙が入ってるぞ。誰からだろう。;Huh? There's a letter in my desk. I wonder who it's from.
<PNAME>;『何々、「伝説の樹の下で、待っています。」名前は、どこにも無いなぁ。;"I'll be waiting under the tree of legend." There's no name on it...
<PNAME>;『それじゃ、急いで行かなくちゃ。;I'd better hurry!
<PNAME>;『５月１２日。;May 12th.
<PNAME>;（はぁ⋯。今日は、調子が悪いな⋯。）;(Haa... I'm not feeling well today...)
Ijuin;「庶民とは悲しいものよ。そんな努力をしなければならないとはね。;It must be sad to be a commoner, having to make such an effort...
<PNAME>;（もう、やる気無くなっちゃうよ。）;(I've already lost my motivation...)
<PNAME>;『なあ、好雄⋯。最近なんか面白いことないか;Hey, Yoshio... anything interesting happen lately?
Yoshio;「そうだな⋯。あ、危ない。;Well... oh, look out!
Kagami;「きゃっ。;Ah!
Kagami;「いったーい。;Owww...
<PNAME>;『だ、大丈夫ですか？;A-are you okay?
Kagami;「大丈夫じゃないわよ。早く起こしなさいよね。;Of course I'm not okay! Hurry up and help me up.
<PNAME>;『あ、はい。よいしょっと。;Oh, sure. Here...
none;ジロジロ;(Stare...)
<PNAME>;（何だろ。人の顔をジロジロと⋯。）;(What is it? Staring at my face so intently...)
Kagami;「まあ、いいわ。許してあげる。あなた、お名前は？;Well, fine, I forgive you. What's your name?
<PNAME>;『<PNAME> <PSURNAME>だけど⋯。;<PNAME> <PSURNAME>, but...
Kagami;「それじゃ、また会いましょう。<PNAME>君。;Well, I'll see you around, <PNAME>-kun.
Kagami;「それじゃ、また会いましょう。<PNAME>君。ほーほほほほほほ。;Well, I'll see you around, <PNAME>-kun. Hoohohohoho!
<PNAME>;『⋯。なあ、好雄⋯。今の、誰？;...hey, Yoshio... who was that just now?
Yoshio;「お前、知らないのかよ。ファンクラブまである、鏡魅羅を。;You don't know? That's Kagami Mira, she even has a fan club.
<PNAME>;『へぇ、今の娘が、あの、鏡魅羅なんだ⋯。;Whoa, that girl was Kagami Mira...?
Yoshio;「いいよなあ、お前名前覚えてもらえて⋯。;You're lucky. She actually bothered to remember your name...
Yoshio;「鏡、鏡‥‥と。;Kagami, Kagami... ah.
Kagami;「ハイ、鏡です。;Yes, this is Kagami.
Kagami;「<PNAME>君？今日は、電話ばっかり⋯。もてすぎるのも、困り物よね。で、何の用かしら？;<PNAME>-kun? It's been phone calls all day... being too popular can be a nuisance. So, what did you need?
Kagami;「ちょっと待って⋯。あら、珍しく空いてるわね。いいわよ。;Hold on a moment... oh, I'm surprisingly free that day. Alright, let's go.
Kagami;「知ってると思うけど、私、待たされるの好きじゃないから。;I think you already know, but I don't like to be kept waiting.
<PNAME>;『分かってるよ。それじゃ。;Got it. Let's go.
Kagami;「少し待ったけど、この程度なら、許してあげるわ。;I waited a bit, but I'll forgive you this time.
<PNAME>;『あ、ありがとう。（時間通りに来たのに⋯。）;Oh, thanks. (But I arrived on time...)
Kagami;「それにしても何もない所ね。つまらないわ。帰るわよ。;This place is so boring, there's nothing here. I'm going home.
<PNAME>;『せっかく来たんだから。話しでもしようよ。;We came all this way. Let's at least talk.
<PNAME>;（趣味はウィンドーショッピング。ということを聞き出した。）;(I found out her hobby is window shopping.)
Kagami;「今日は楽しかったわ。また誘ってもよろしくてよ。;I had fun today. Feel free to invite me out again.
<PNAME>;『それじゃ、また今度連絡するよ。;Alright, I'll call you sometime.
Kagami;「<PNAME>君。それじゃ、失礼するわ。;I'll be taking my leave now, <PNAME>-kun.
none;「サッカー部に入部した。;I joined the soccer team.
Manager;「毎月第３日曜日は、クラブの日なので、休まないように。;We have practice the third Sunday of each month, so don't miss it.
Kagami;「さあ、今日はどこに案内してくれるのかしら？;So, where will you be showing me around today?
Kagami;「よろしくてよ。では、行きましょう。;Alright then, let's go.
Kagami;「ちょっと見て来るから、ここで待ってなさい。;I'll go take a look around, so please wait here.
<PNAME>;『ああ、ゆっくり見てきていいよ。;Yeah, take your time.
Kagami;「待たせたかしら？;Did I keep you waiting?
Kagami;「そう？ならもう―度、行ってくるわね。;Really? Then I'll go take another look.
none;「サッカー部を退部した。;I quit the soccer club.
Kagami;「あら、残念⋯。その日は、別の人と約束があるのよ。;Oh, how unfortunate... I have plans with someone else that day.
<PNAME>;『そう、やっぱり。;I see, thought so...
Kagami;「もうちょっと、早く、誘って下されば良かったのに。;If only you had asked me earlier...
<PNAME>;『今度から、そうしよう。それじゃ。;I'll do that next time. Later.
Ijuin;「君がそんな事をしてもまったくの無意味だ。無駄な努力はやめたまえ。;What you're doing is completely meaningless. Stop wasting your effort.
<PNAME>;（そんなことを言うためにわざわざ来るなよなぁ⋯。）;(Why bother coming over here just to say that...?)
Kagami;「さあ、行きましょう。;Come on, let's go.
<PNAME>;『そ、そうだね。（遅れてきたのに、何の言葉もなしか⋯。）;S-sure. (Didn't even apologize for being late...)
Kagami;「じゃあ、着替えてくるわね。;Alright, I'll go change.
Kagami;「待たせたわね。どう？;Did I keep you waiting? How do I look?
Kagami;「ほーほほほ。でも、セクシーなのは、水着だけじゃなくてよ。;Hoohoho~! But the swimsuit's not the only thing that's sexy, you know~
Kagami;「それじゃ、着替えてくるわね。;I'll go change then.
Kagami;「サンスクリーンを塗っていただけるかしら？;Could you help me apply sunscreen?
<PNAME>;『よ、よろこんで⋯。;Y-yes, I'd be happy to...
Kagami;「ちょっと、くすぐったいわね。;It's just a bit ticklish.
<PNAME>;『あぁ、俺は今猛烈に幸せだ⋯。;Ah, I'm in heaven...
Kagami;「つまらなかったわ。;That was boring.
<PNAME>;『そ、そう⋯。あっ、また今度誘ってもいいかな？;I-I see... um, can I ask you out again sometime?
Kagami;「予定が空いてれば、よろしくてよ。ほーほほほほほ。;If my schedule is open, sure. Hoohohoho~!
<PNAME>;（誰かが、俺を探している予感がする。）;(I have a feeling someone is looking for me...)
Yoshio;「いたいた探したぜ。;There you are!
<PNAME>;『何だよ、好雄。何か用か？;What's up, Yoshio? Do you need something?
Yoshio;「何の酔狂か知らんけどさ⋯。お前と話がしたい女の子を連れてきたぜ。;I don't know what's gotten into her, but... I brought a girl who wants to talk to you.
<PNAME>;『お前、それは酔狂じゃないよ普通の女の子なら、当然の行為じゃないか。;Huh? That's a normal thing for a girl to do...
Yoshio;「そうかい、後で後悔しても知らないぜ。;Really? Don't say I didn't warn you if you regret it later.
<PNAME>;『後悔⋯。何でだよ。;Why would I regret it?
Yoshio;「おい、話つけたぜ。じゃあ俺は教室に帰るからな。;Hey, I tried to talk her out of it. I'm heading back to the classroom.
Asahina;「こんにちは。朝日奈夕子でーす。あれ⋯、どっかで⋯？;Hello! I'm Yuko Asahina. Huh? Haven't we...
<PNAME>;『お、お前は、当たり屋！;Y-you're that scam artist!
Asahina;「当たり屋とは失礼ね。あれはわざとじゃなくて、ちょっと急いでたから⋯。;Excuse you! It's not like I did it on purpose, I was just in a hurry...
<PNAME>;『急ぎね⋯。別に、いいけどさ⋯。で、俺に用って何？;A hurry, huh... well, it's fine. So, what do you want?
Asahina;「好雄君から聞いたんだけど、あなたって色々と遊ぶ所知ってんでしょ？;Yoshio-kun said that you know lots of places to hang out! Is that true?
<PNAME>;『まぁ、知ってると言えば、知ってるし⋯、知らないと言えば、知らないなぁ。;Well, I guess you could say that... you could also probably say the opposite.
Asahina;「ふーん。今度さ、どっか連れてってよ。;Hmm~ Take me out sometime, won't you?
<PNAME>;『えーっ、俺がー！何でだよ。;Wha- me!? Why me?
Asahina;「ねぇいいじゃんか。お願ーい、どっか連れてってぇ。;Come on, please? Pretty pleeease, take me out somewhere~
<PNAME>;『おい、変な声だすなよ！みんな見てるじゃないか。;Hey, don't beg like that! Everyone's staring...
Asahina;「約束してくれないと、大声で泣き出すわよ。;If you don't promise, I'll cry out in front of everyone!
<PNAME>;『わかった、わかったからそれだけは、やめてくれ。;Alright, alright, just... don't do that!
Asahina;「ホント！超ラッキー。絶対だよ。;Really!? Jackpot!! It's a promise then!
<PNAME>;『はいはい⋯。今度、電話するよ⋯。;Yeah, yeah... I'll call you...
Asahina;「約束だからね。じゃ、電話待ってるから。;Because you promised! I'll be waiting for your call.
<PNAME>;『はぁー。疲れた⋯。;Sigh... I'm worn out...
<PNAME>;（約束だからな。近いうちに、電話しなくちゃ。）;(A promise is a promise. I have to call her soon.)
<PNAME>;（でも、俺、彼女の電話番号知らないよ。どうしよう⋯。）;(But I don't know her phone number. What should I do?)
<PNAME>;（後で好雄にでも聞くか⋯。）;(I'll ask Yoshio later...)
Kagami;「それにしても、やっと涼しくなってきたわね。;By the way, it's finally getting cooler.
<PNAME>;『本当、過ごし易くなったよ。;You're right. It's a bit cozier now.
Kagami;「それじゃ、そろそろ、中に入るわよ。;So, is it time to head inside?
Kagami;「この方の絵、なかなかですわね。;This painting is quite good.
Kagami;「貴方には、この良さがわかりませんのね。;You can't comprehend the beauty of this, can you?
Yoshio;「朝日奈、朝日奈‥‥と。;Asahina, Asahina... ah.
Asahina;「ハイ、朝日奈です。;Yes? It's Asahina.
Asahina;「<PSURNAME>君？何？どうしたの？;<PSURNAME>-kun? What's up, what's happening?
Asahina;「ええーっ。何で、その日なの？予定、入れちゃったわよ。;Awww... why that day? I already made plans...
<PNAME>;『ごめん、もう少し早く連絡すれば、良かったね。;Sorry, I should've called sooner.
Asahina;「ああっ。―緒に出かけたかったのに。この次は、早めにしてよ。;Hm... I wanted to go out with you. Call me sooner next time!
<PNAME>;『分かったよ。それじゃ。;Got it. See you later.
Asahina;「ラッキー。その日、ちょうど暇だったんだ。;Score! I'm totally free that day.
Asahina;「うん、分かったわ。必ず来てよ。;Yup, got it! You better show up!
<PNAME>;『さてと、これからどうしようかな。;So, what should I do now?
<PNAME>;『さて、誰を誘おうか？;Well, who should I invite?
<PNAME>;『あっ、丁度いいところに、朝日奈さんが現れたぞ。;Oh, right on time. Asahina-san has appeared.
<PNAME>;『おーい、朝日奈さん。;Hey, Asahina-san!
Asahina;「あっ、<PSURNAME>君。何々？;Oh, <PSURNAME>-kun. What's up?
<PNAME>;『―緒に、見学しない？;Wanna check out the cultural festival together?
Asahina;「バッチタイミング。私も誘おうと思ってたのよ。;Perfect timing! I was thinking of inviting you too~
<PNAME>;『それじゃあ、どこに行こうか？;So, where should we go?
Asahina;「噂によると、電脳部と、演劇部が面白いらしいよ。;I heard that the Computer Club and the Drama Club are interesting.
<PNAME>;『へぇ、そうなんだ。（どこに行こうかなぁ。）;Oh, really? (Where will we go?)
Asahina;「ほらほら早く。占いやってるから、―緒にやろうよ。;Come on come on, hurry up! They're doing fortune-telling! Let's try it together!
<PNAME>;『ちょっと、そんなに引っ張らないでくれよ。;Hey, don't tug so hard...
<PNAME>;『それじゃ、朝日奈さんとの相性だな。;Okay, let's check our compatibility.
none;＊パソコン ＮＭＳ―９０００＊朝日奈 夕子 血液型 Ｂ型<PNAME> <PSURNAME> 血液型 Ａ型;*PC NMS-9000* Asahina Yuko Blood Type B <PNAME> <PSURNAME> Blood Type A
none;＊パソコン ＮＭＳ―９０００＊タダイマ、ケイサンチュウ．．．;*PC NMS-9000* Now calculating...
none;＊パ;*Pa
none;＊パソコン ＮＭＳ―９０００＊オフタリノ、アイショウハフツウデス。;*PC NMS-9000* Your compatibility is average.
Asahina;「ふーん、こんなもんか⋯。;Hmm, is that it...?
<PNAME>;『こんなもんだねぇ。;That's about it.
Asahina;「占いもしたことだし、次はどこ行く？;Now that we've done the fortune-telling, where should we go next?
<PNAME>;『えぇ、もう行くの？;Huh, we're leaving already?
Asahina;「ほら、とりあえず、あっち行ってみようよ。;Come on, let's try going over there next!
<PNAME>;『あっちって、ち、ちょっと⋯。;Over there? W-wait up...
Asahina;「ほら、早く早く。;Come on, hurry!
Asahina;「全然。さあ、早く行こうよ。;Not at all. Come on, let's go.
Asahina;「ねぇねぇどうしたの。こんなとこに呼び出して。;Hey, what's up? Why'd you call me out here?
<PNAME>;（今はヨーグルトきのこが流行っているらしい。ということを聞き出した。）;（I found out that yogurt mushrooms are trending right now.）
Asahina;「今日は超楽しかったね。またどこか誘ってね。;Today was super fun! Invite me somewhere again sometime!
Asahina;「じゃあ、帰ろ。<PSURNAME>君。;Well, let's go home, <PSURNAME>-kun.
<PNAME>;『あっ、今日は、朝日奈さんの誕生日じゃないか。;Oh, today is Asahina-san's birthday, isn't it?
<PNAME>;『よし、ヨーグルトきのこを、プレゼントしよう。;Alright, I'll give the yogurt mushrooms as a present.
<PNAME>;『あっ、朝日奈さん！;Asahina-san!
Asahina;「ん？何々？;Huh? What is it?
Asahina;「ホント！超うれしい！開けてもいいよね？;Really!? That makes me so happy! Can I open it!?
Asahina;「おっしゃれーっ。超センスいいじゃない。大切にするね。;Stylish~! You got great taste! I'll cherish it.
Asahina;「じゃ、そろそろ中に入ろうよ。;Well, we should head inside soon.
<PNAME>;『そうだね。そうしようか。;Yeah, let's do that.
Asahina;「動物園って、わりと楽しいよね。;The zoo is pretty fun, right?
Asahina;「何か嘘くさいなぁ。;Sounds like you're faking it...
Asahina;「超つまんなかったね。;That was super boring.
<PNAME>;『よし、金の髪飾りを、プレゼントしよう。;Alright, I'll get her a gold hairpin as a present.
<PNAME>;『あっ、鏡さん！;Oh, Kagami-san!
Kagami;「あら、<PNAME>君。;Ah, <PNAME>-kun.
Kagami;「あら、<PNAME>君。何か御用かしら？;Ah, <PNAME>-kun. Do you need something?
Kagami;「ありがとう、いただくわ。また、私の虜が―人⋯。開けてもいいかしら？;Another one, captivated by my beauty... thank you~ May I open it?
Kagami;「まあ、私に似つかわしい素敵なものですこと。ありがたくいただくわ。;Oh my, what a fitting and wonderful thing for me~! I'll graciously accept it.
Asahina;「どこに買い物に行こうか？;Where should we go shopping?
Asahina;「うん。ソッコーで行こう。;Yeah, let's go right away!
Asahina;「この服、超いいね。;This dress is super nice.
Asahina;「うん、それもいいけど、最近はこの色に人気があるんだ。;Yeah, that's nice too, but this color is in style these days.
<PNAME>;『今日は俺の誕生日だ。;Today is my birthday.
<PNAME>;『⋯けど、誰にもプレゼントをもらえなかった。;...but, I didn't receive any presents from anyone.
<PNAME>;（さびしいなぁ。）;(It's so lonely...)
<PNAME>;（３科目以上赤点だった。明日から、―週間補習だぁ。勉強しかできないー！）;(I failed more than three subjects. Starting tomorrow, it's a week of remedial classes. I can't do anything but study!)
<PNAME>;（―週間強制補習をしなければならない）;(I have to attend mandatory remedial classes for a week.)
Asahina;「ふざけろよ！;Quit messing with me!
<PNAME>;（しまった！！今日は、朝日奈さんとデートの約束があったんだ。;(Shoot!! I had a date with Asahina today...)
Kagami;「貴方もいらしてたのね。;So, you were invited as well.
<PNAME>;『鏡さんも来てたのか。;Kagami-san, you came too?
Kagami;「私、伊集院君に用があるから⋯。それじゃ⋯。;I have some business with Ijuuin-kun... see you later.
Asahina;「あっ、<PSURNAME>君来てたんだ。;Oh, <PSURNAME>-kun is here.
<PNAME>;『朝日奈さんも来てたのか。;Asahina-san, you came too?
Asahina;「友達がいるから、そろそろ行くね。;I have friends to get back to, so I'll see you later!
none;うっ⋯！？こ、これは⋯サイン入りブロマイド！？何考えてるんだ、あいつ。;What...!? T-this is... an autographed photo!? What on earth is he thinking?
<PNAME>;（女の子のプレゼントの方が良かったなぁ。⋯⋯帰るか。;(I would have preferred a girl's present... guess I'll go home.)
<PNAME>;『よし、それじゃあ朝日奈さんの家に電話してみるか。;Alright, let's try calling Asahina-san's house.
Asahina;「はい、朝日奈です。;Hello, this is Asahina.
Asahina;「<PSURNAME>君。明けまして、おめでとう。;It's <PSURNAME>-kun, happy new year!
<PNAME>;『朝日奈さん。今、暇かな？;Asahina-san, are you free right now?
Asahina;「暇だけど、何？;I'm free, why?
<PNAME>;『これから初詣に行かない？;Want to go to the shrine together?
Asahina;「いいよ。ちょうど行きたかったし。;Sure! I was just thinking about going.
Asahina;「いいわ。神社の前ね。それじゃ。;Sounds good. Meet you in front of the shrine, then.
<PNAME>;『まだ、朝日奈さんは来てないみたいだな。;Looks like Asahina-san hasn't arrived yet.
Asahina;「ごめーん。遅くなっちゃった。;Sorry for being late!!
Asahina;「結構、空いてるね。;It's seriously empty here...
Asahina;「うん、行こう。;Yeah, let's go.
Asahina;「何をお願いした？;What did you wish for?
<PNAME>;『ひ、秘密だよ。朝日奈さんは？;I-it's a secret. What about you, Asahina-san?
Asahina;「ま、色々とね。ほら、おみくじがあるよ。引きに行こ。;Well, lotsa different stuff. Look, there's omikuji. Let's go draw one!
Asahina;「ほら、見て見て、大吉なんて超ラッキー。ね、どうだった？;Look, look, I got a Great Blessing. I'm super lucky! So, what did you get?
Asahina;「まあまあじゃん。私の方がいいけどね。なんたって、大吉だから。;It's alright, huh? Mine's better though. After all, it's a Great Blessing~
<PNAME>;『そりゃそうだ。;That's true...
Asahina;「今年も、色々な所に行けるといいね。;Hope we can go out to lots of different places this year too.
Asahina;「そうね。私も用事あるし。;Yeah. I have some errands too.
Asahina;「ちょうど今来たところよ。;I just got here!
Asahina;「それじゃソッコーで滑ろうよ。;Then let's skate right away!
<PNAME>;『そうしよう。;Let's do that.
Asahina;「ねぇ、どのぐらい滑れる？;Hey, how well can you skate?
Asahina;「ラッキー。じゃあさ、教えてよ。;Lucky me~! So, teach me!
Asahina;「今日は超楽しかったね。また今度誘ってね。;Today was ultra fun! Invite me out again sometime!
Fujisaki;「<PSURNAME>君？今日は、何？;<PSURNAME>-kun? What's up?
<PNAME>;（あっ、鏡さんがいるぞ。）;(Oh, Kagami-san is here.)
<PNAME>;『おーい、鏡さん。;Hey, Kagami-san!
Kagami;「あら、<PNAME>君今帰りかしら？;Ah, are you heading home now, <PNAME>?
Kagami;「そうね。帰ってもよくてよ。;Yes, I suppose you may walk with me.
Kagami;「それじゃ、ここでお別れしましょう。それじゃ、失礼。;Alright, let's part ways here. Goodbye.
<PNAME>;『いつも、家まで送らせてくれないんだよなぁ。;She never lets me walk her all the way home...
Fujisaki;「あっ、上映時間よ。早く中に入りましょう。;Oh, it's showtime. We should hurry.
Fujisaki;「あそこが空いてるわ。座りましょう。;Let's sit over there, where it's open.
<PNAME>;（サマソーは、テレビゲームのキャラクターが実写になったアクションだ。;(Summer Wars is an action movie where video game characters come to life.)
none;『今の映画、まあまあだったね？』『今の映画、面白かったね？』『今の映画、つまらなかったね？』;Wasn't the movie just so-so? Wasn't the movie interesting? Wasn't the movie boring?
Fujisaki;「私は好きじゃないかな。ラブロマンスとかなら好きなんだけど⋯。;I didn't really like it. I'd prefer if it were a romance...
Fujisaki;「今日はちょっと疲れちゃった。;I'm a bit tired from today.
<PNAME>;（あっ、朝日奈さんがいるぞ。;(Oh, there's Asahina-san.)
Asahina;「あっ、<PSURNAME>君今帰り？;Oh, <PSURNAME>-kun, you heading home?
Asahina;「私、これから友達と約束があるんだ。ごめんね。;I have plans with a friend. Sorry.
Asahina;「じゃあね。;See ya!
Asahina;「コアラ見た見た？超可愛かったね。;Did you see the koala? Did you!? It was super cute!!
Asahina;「やっぱそうでしょう。;Of course, right?
Kagami;「<PNAME>君。チョコレートよ。;<PNAME>-kun. Here’s some chocolate.
Kagami;「勘運いしないでね。義理よ、義理。;Don't get the wrong idea. It's just out of obligation.
<PNAME>;『別にいいけど。（どこから見ても、義理にしか見えん。）;I don't mind. (No doubt about it, it really is obligatory...)
<PNAME>;（あまり貰えなかったけど、こんなもんかな。）;I didn't get much, but I guess this is fine.
<PNAME>;『まだ朝日奈さんは、来ていないようだな。;Asahina-san hasn't arrived yet.
Asahina;「ごめーん。お願い、許してぇ。;Sorry! Please, forgive me...
Asahina;「私、ゲーム得意なんだ。;I'm good at games.
Asahina;「女にしては、珍しいっしょ。;Pretty rare for a girl, right?
Kagami;「そういえば、やっと春休みね。;Speaking of which, spring break is coming up.
<PNAME>;『でも、短い休みだよ。;But it's a short break.
Kagami;「学校が休みならそれでいいわ。;As long as there's no school, it's fine by me.
<PNAME>;『あっ、鏡さん。;Oh, Kagami-san.
Kagami;「ありがとう。いただくわ。;Thank you. I'll take it.
Asahina;「今見てきたイルカのショー、超良かったと思わない？;Don't you think that dolphin show was just ultra amazing!?
Asahina;「ホント、ホント。;Totally, totally!
Asahina;「さあ、中に入ろうよ。;Let's head on in.
Asahina;「それじゃ、どこに行く？;So, where should we go?
Asahina;「じゃ、乗りましょ。;Let's get on!
Asahina;「面白かったね。;That was fun!
Asahina;「やっぱ、そうでしょう。じゃ、次は何に乗ろうか。;Of course! So, what should we ride next?
?;Ｉフーッ制限時間終了です。私は⋯。;Bzzzt! Time's up! I am...
Kagami;「あら、<PSURNAME>君;Ah, <PSURNAME>-kun.
Asahina;「流行の服は超高くて、なかなかね⋯。;Trendy clothes are super duper expensive, you know...
Asahina;「やっぱ、そうよね。;Yeah, I agree...
Asahina;「じゃ、お茶して帰ろうよ。;Let's have some tea before heading home!
<PNAME>;（俺は、朝日奈さんと、楽しく下校した。）;(I had a nice walk home with Asahina.)
Fujisaki;「そうだ、覚えてる？もうすぐ私の誕生日よ。;Oh yeah, did you remember? My birthday is coming up soon.
<PNAME>;『そうだね。ちゃんと覚えてるよ。;Yeah, of course I remember.
Fujisaki;「本当？嬉しいな。;Really? I'm happy to hear that.
Asahina;「あっ、もう始まっちゃうよ。;Oh no, it's about to start!
<PNAME>;『あっ、本当だ。早く入ろう。;Oh, you're right. Let's hurry inside.
Asahina;「あそこが空いてる。早く早く。;There's an open seat over there! Hurry, hurry!
<PNAME>;（フンガーは、ドラキュラと並ぶ古典的なホラー映画のリメイクだ。）;(The Hunger is a remake of a classic horror film, on par with Dracula.)
none;『今の映画、面白かったね？』『今の映画、つまらなかったね？』『今の映画、まあまあだったね？』;Wasn't that movie interesting? Wasn't that boring? Wasn't that movie just so-so?
Asahina;「そんなに、ひどくないと思うけどな。;I don't think it was that bad.
<PNAME>;『えっと⋯<PNAME>って言いますけど。;Uhm... My name is <PNAME>, by the way.
<PNAME>;『あのさ、ちょっとした用事があるんだけど⋯。俺の家の前に来れないかな？;So, I have a small favor to ask... could you come over to my place?
Fujisaki;「うん、いいわよ。すぐに行くから、ちょっと待っててね。;Yeah, sure. I'll be there soon, so just hang tight for a bit.
<PNAME>;『さて、先に行って待ってるか。;Alright, I'll go wait outside for her.
Fujisaki;「待ったぁ。ごめんね、遅くなっちゃって。;Did I make you wait long? Sorry for being late...
Asahina;「そう言えばもうすぐ体育祭だね。;Speaking of which, the sports festival is coming up soon.
Asahina;「なんかかったるいなぁ。ブッチしちゃおうかな。;I'm feeling kind of sluggish. Maybe I'll just ditch.
<PNAME>;『ま、そう言わずに、体調に気を付けて、頑張ろうよ。;Come on, don't say that. Take care of yourself and let's give it our all!
Asahina;「最近面白い事あった？;Has anything interesting happened lately?
Asahina;「何か情報あったら、教えてね。;If you hear of anything, let me know.
Kagami;「そういえば、もうすぐ体育祭ね。;By the way, the sports festival is coming up soon.
Kagami;「どうして私も出場しなければいけないのかしら？;Why must I participate as well?
<PNAME>;『朝日奈さん、どうしたの？;Asahina-san, what's up?
Asahina;「ね、お茶して帰らない？;Hey, do you want to grab some tea before heading back?
Asahina;「それじゃ早く行きましょう。;Alright, let's go quickly then.
Asahina;「もっと、面白いことすればいいのに。;We should do something more interesting.
Kagami;「<PSURNAME>君。ついているわね。;<PSURNAME>-kun, you're quite lucky.
<PNAME>;（あっ、向こうでヒーローショーをやってるぞ。）;(Ah, there's a hero show happening over there.)
<PNAME>;『朝日奈さん、ヒーローショー見に行かないか？;Asahina-san, wanna go watch the hero show?
Asahina;「えぇー。だっさーっ。やめようよ。;Ehh, that's lame. Let's do something else.
<PNAME>;『いいじゃんか。行こうよ。;Come on, it'll be fun. Let's go.
Asahina;「しょうがないなぁ。ちょろっとだけよ。;Fiiine, just for a bit though.
Asahina;「子供達と―緒で恥ずかしくないの？;Aren't you embarrassed to be watching with all these kids?
Asahina;「見る前に言ってもらいたかったな。;I wish you'd have said that earlier...
Fujisaki;「素敵な絵ね。でき上がったら見せてね。;That's a lovely drawing. Show it to me when it's finished, okay?
Asahina;「<PSURNAME>君？バッチタイミング。出かける前でよかったね。で、用は何？;<PSURNAME>-kun? Perfect timing! You caught me before I went out. So, what's up?
Asahina;「どんなゲームが好き？;What kind of games do you like?
Asahina;「私も、わりとうまいって言うか、まあまあ好きよ。;I'm pretty good at them too, or rather, I like them quite a bit.
Asahina;「<PSURNAME>君じゃあ、どっか、よって帰ろうよ。;<PSURNAME>-kun, let's drop by somewhere before heading back.
<PNAME>;『鏡さん。どうしたの？;Kagami-san, what's up?
Kagami;「今度の日曜日、空いてるかしら？;Are you free this Sunday?
Kagami;「それなら、買い物に付き合って下さるわね。;In that case, you’ll take me out shopping, right?
Kagami;「私の誘いを断るのは、男として罪よね。;Turning down my invitation would be a sin as a man.
Kagami;「それでいいわ。遅れず来なさいよ。;That's fine. Don't be late.
Kagami;「別に待ってないわ。さあ、行きましょう。;I wasn’t waiting or anything. Let's go.
Kagami;「あら？これ、なかなかしゃれてるわね。;Oh? This is quite stylish.
Kagami;「そうね。私にふさわしいわね。;Yes, it suits me quite well.
Kagami;「付き合ってくれてありがとう。;Thank you for taking me out.
Kagami;「<PSURNAME>君それじゃ、さよなら。;See you later, <PSURNAME>-kun.
Saotome;「<PNAME>さんちょっと聞きたいんですけど⋯。;<PNAME>-san, there's something I'd like to ask you...
Saotome;「今度の日曜日空いてますか⋯？;Are you free this Sunday...?
Saotome;「映画のチケットが２枚あるんですけど、―緒に行きませんか？;I've got two movie tickets, would you like to go with me?
Saotome;「やったー。それじゃ、絶対、約束ですよ。;Yay! Then it's a date, okay?
Saotome;「うん、それでいいです。それじゃ。;Yeah, that's fine. See you then!
Saotome;「優美も、今来たところだよ。;I just got here too.
Saotome;「もう上映時間だよ。早く中に入ろう。;It's already showtime. Let's get in quickly!
Saotome;「あそこが空いてるよ。;There's an open seat over there.
<PNAME>;（カンパンマンは、国民的人気キャラクターのアニメだ。）;(Kanpanman is a nationally popular anime character.)
Saotome;「うーん。優美は楽しかったけど。;Mmph... Yumi had fun though.
Saotome;「今日はありがとうございました。;Thank you for today.
<PNAME>;『そう言えば、もうすぐ、テストだね。;By the way, exams are coming up soon.
Asahina;「うっ、それだけは考えたくなかった。;Ugh, that's the last thing I wanted to think about...
<PNAME>;『それは、そうだけどね。;Sure, but still...
Asahina;「それは忘れるのが―番。忘れよ、忘れよ。;It's best to forget about it. Forget it, forget it.
Fujisaki;Ｉ‥‥‥‥‥。;I...
Kagami;「ぐ、偶然ね。―緒に帰ってもよろしくてよ。;W-what a coincidence! If you'd like, we can walk home together...
Kagami;「私の誘いを断る人はいないと思うけど。さぁ、行きましょう。;As if anyone would refuse my invitation... now, let’s go.
<PNAME>;『鏡さん予定は？;Kagami-san, do you have any plans?
Kagami;「私は、海にでも行こうかしら。;I might go to the beach.
<PNAME>;『海か⋯。それはいいな。;The beach, huh... That sounds nice.
Fujisaki;「それにしても、今日は暑いね。;Even so, it’s really hot today.
Fujisaki;「この水着、どうかな？;How about this swimsuit?
Fujisaki;「えっ、ありがとう。でも、ちょっと恥ずかしいな。;Ah, thanks. But it’s also a bit embarrassing...
Asahina;「すっごい賑やかねぇ。;It’s super lively, isn’t it?
Asahina;「うん、やろ、やろ。;Yeah, let's do it, let's do it!
<PNAME>;『取れたら朝日奈さんにあげるね。;I’ll give it to you if I win it, Asahina-san.
Asahina;「まあまあってとこかな。;Well, that's okay.
Asahina;「今日は最高だったね。またどこかに誘ってね。;Today was great! Invite me out again sometime!
Asahina;「この水着、どうかな？;How about this swimsuit?
Asahina;「やっぱわかる？超嬉しい。;You recognize it!? I'm ecstatic!


<PNAME>;『くぅー、体の調子が、最悪だぜ。でも、修学旅行だから集合場所に行かなきゃ。;Ugh, I feel awful. But it’s the school trip, so I have to meet up with everyone else.
<PNAME>;「そうだ、思い出したぞ。沖縄だ。;That’s right, I remembered. Okinawa.
<PNAME>;「そうだ、思い出したぞ。沖縄だ。ビシッと、決めてやるぜ。;That’s right, I remembered. Okinawa. I’ll make this trip perfect.
<PNAME>;『と、言う訳で、あっという間に、沖縄だ。;And just like that, we’re in Okinawa.
<PNAME>;『今日は、那覇で朝から、自由行動だ。;Today, we’re free to explore Naha from the morning.
Asahina;「あっ、いたいた。;Ah, there you are.
<PNAME>;『朝日奈さん、おはよう。何か用？;Good morning, Asahina-san. What’s up?
Asahina;「ねえ、ねえ、今日の自由行動、―緒に行きたいな。;Hey, hey, I want to go with you for today’s free time.
Asahina;「じゃあソッコーで行こうよ。ほら早く早く。;Then let’s go quickly. Come on, hurry up.
<PNAME>;『あ、おい、ちょっと待ってくれよ。;Hey, wait a minute.
<PNAME>;『すごかったね。首里城跡は。;That was amazing, the Shuri Castle ruins.
Asahina;「ねえねえ、写真撮ってよ。;Hey, hey, take a photo.
<PNAME>;『えーっ、また？もう、５００枚以上撮ったんじゃない？;What, again? Haven’t we taken over 500 photos already?
Asahina;「いいじゃんか。滅多に来れる所じゃないんだから。;It’s fine. It’s not like we come here often.
<PNAME>;『はいはい、わかりました。;Alright, alright, I got it.
Asahina;「はい、チーズ。;Say cheese.
Asahina;「えーっ、もう帰るのぉ？ちょっとぐらい遅れても平気、平気。;What, we’re going back already? It’s fine if we’re a bit late, don’t worry.
<PNAME>;『夕食抜きになるかもよ。;You might miss dinner.